ticker,company,pred_date,for_date,pred_class,prob_up,lgb_prob,rf_prob,gb_prob,direction,confidence,sentiment,last_close
NVR,NVR Inc.,2026-07-30,2026-07-31,1,0.6866,0.6479,0.6466,0.7656,UP,High,-0.9563,6471.37
MU,Micron Technology Inc.,2026-07-30,2026-07-31,1,0.6857,0.694,0.5615,0.8018,UP,High,0.0,820.53
CDNS,Cadence Design Systems,2026-07-30,2026-07-31,1,0.6701,0.7109,0.6115,0.688,UP,High,0.0288,344.72
INTC,Intel Corporation,2026-07-30,2026-07-31,1,0.6676,0.6429,0.6161,0.7439,UP,High,0.0,86.3
C,Citigroup Inc.,2026-07-30,2026-07-31,1,0.6651,0.7248,0.6048,0.6655,UP,High,0.0,132.47
KLAC,KLA Corporation,2026-07-30,2026-07-31,1,0.6602,0.7011,0.5714,0.708,UP,High,0.0,190.8
MPC,Marathon Petroleum Corporation,2026-07-30,2026-07-31,1,0.6587,0.7191,0.6037,0.6533,UP,High,0.1208,306.05
PANW,Palo Alto Networks Inc.,2026-07-30,2026-07-31,1,0.6579,0.729,0.5703,0.6743,UP,High,-0.8663,319.0
JBL,Jabil Inc.,2026-07-30,2026-07-31,1,0.6476,0.6688,0.5972,0.6768,UP,Medium,-0.006,302.95
EXPD,Expeditors International,2026-07-30,2026-07-31,1,0.6325,0.6102,0.5968,0.6906,UP,Medium,0.774,171.42
COO,Cooper Companies Inc.,2026-07-30,2026-07-31,1,0.6256,0.5951,0.6111,0.6707,UP,Medium,-0.0212,72.06
CMI,Cummins Inc.,2026-07-30,2026-07-31,1,0.6239,0.5534,0.6189,0.6998,UP,Medium,0.9128,641.6
APH,Amphenol Corporation,2026-07-30,2026-07-31,1,0.6232,0.5838,0.5088,0.7773,UP,Medium,0.0691,143.85
FCX,Freeport-McMoRan Inc.,2026-07-30,2026-07-31,1,0.6229,0.7124,0.5605,0.5956,UP,Medium,0.0604,61.64
MPWR,Monolithic Power Systems,2026-07-30,2026-07-31,1,0.6174,0.6081,0.5406,0.7036,UP,Medium,0.5259,1282.01
FSLR,First Solar Inc.,2026-07-30,2026-07-31,1,0.6162,0.6232,0.6037,0.6216,UP,Medium,-0.4526,202.59
VRSN,VeriSign Inc.,2026-07-30,2026-07-31,1,0.6086,0.6918,0.5625,0.5711,UP,Medium,0.8901,281.15
VZ,Verizon Communications,2026-07-30,2026-07-31,1,0.6036,0.5629,0.6094,0.6387,UP,Medium,-0.2531,48.19
MKTX,MarketAxess Holdings,2026-07-30,2026-07-31,1,0.6019,0.6002,0.559,0.6466,UP,Medium,0.0,122.05
AXON,Axon Enterprise Inc.,2026-07-30,2026-07-31,1,0.5984,0.65,0.4963,0.6488,UP,Medium,-0.5904,547.65
KEYS,Keysight Technologies,2026-07-30,2026-07-31,1,0.5966,0.5787,0.5799,0.6313,UP,Medium,0.0,305.17
SWKS,Skyworks Solutions Inc.,2026-07-30,2026-07-31,1,0.5945,0.6533,0.5615,0.5686,UP,Medium,0.0,64.68
FTNT,Fortinet Inc.,2026-07-30,2026-07-31,1,0.5936,0.6476,0.5633,0.5698,UP,Medium,0.0,149.98
MS,Morgan Stanley,2026-07-30,2026-07-31,1,0.592,0.631,0.5555,0.5892,UP,Medium,0.0,211.58
NVDA,NVIDIA Corporation,2026-07-30,2026-07-31,1,0.5919,0.666,0.5593,0.5502,UP,Medium,0.0,197.01
GL,Globe Life Inc.,2026-07-30,2026-07-31,1,0.5904,0.6714,0.5378,0.5617,UP,Medium,-0.3363,179.17
VTR,Ventas Inc.,2026-07-30,2026-07-31,1,0.5899,0.6415,0.5578,0.5703,UP,Medium,-0.062,98.14
JBHT,J.B. Hunt Transport Services,2026-07-30,2026-07-31,1,0.5886,0.5509,0.5543,0.6608,UP,Medium,-0.5215,277.62
NEM,Newmont Corporation,2026-07-30,2026-07-31,1,0.5868,0.5236,0.5969,0.64,UP,Medium,0.411,91.52
SLB,SLB (Schlumberger),2026-07-30,2026-07-31,1,0.5859,0.5188,0.5966,0.6426,UP,Medium,0.0,49.98
JCI,Johnson Controls International,2026-07-30,2026-07-31,1,0.5846,0.6523,0.5199,0.5816,UP,Medium,0.0,140.28
HPE,Hewlett Packard Enterprise,2026-07-30,2026-07-31,1,0.5835,0.6078,0.5307,0.6121,UP,Medium,-0.2501,45.59
HAL,Halliburton Company,2026-07-30,2026-07-31,1,0.5833,0.5695,0.5226,0.6578,UP,Medium,0.087,31.23
SRE,Sempra Energy,2026-07-30,2026-07-31,1,0.5822,0.586,0.5667,0.594,UP,Medium,0.0017,90.56
MCHP,Microchip Technology,2026-07-30,2026-07-31,1,0.5808,0.572,0.5682,0.6023,UP,Medium,0.0,75.71
RL,Ralph Lauren Corporation,2026-07-30,2026-07-31,1,0.5784,0.5551,0.5331,0.6472,UP,Low,-0.4796,377.46
GLW,Corning Incorporated,2026-07-30,2026-07-31,1,0.5769,0.5158,0.5413,0.674,UP,Low,0.0,126.01
AMD,Advanced Micro Devices,2026-07-30,2026-07-31,1,0.5762,0.4384,0.5687,0.7219,UP,Low,0.0,454.62
MTCH,Match Group Inc.,2026-07-30,2026-07-31,1,0.5759,0.646,0.5425,0.5391,UP,Low,0.0,39.28
COST,Costco Wholesale,2026-07-30,2026-07-31,1,0.5755,0.6063,0.5883,0.5318,UP,Low,0.3044,966.58
D,Dominion Energy Inc.,2026-07-30,2026-07-31,1,0.5733,0.5969,0.5207,0.6024,UP,Low,-0.0179,70.62
NUE,Nucor Corporation,2026-07-30,2026-07-31,1,0.5728,0.6278,0.5326,0.5579,UP,Low,-0.2782,265.62
VMC,Vulcan Materials Company,2026-07-30,2026-07-31,1,0.5727,0.6008,0.5247,0.5926,UP,Low,0.0016,288.42
ORCL,Oracle Corporation,2026-07-30,2026-07-31,1,0.5721,0.5342,0.5042,0.678,UP,Low,-0.0098,119.96
NSC,Norfolk Southern Corporation,2026-07-30,2026-07-31,1,0.5705,0.5827,0.5639,0.5649,UP,Low,0.2283,338.84
VLO,Valero Energy Corporation,2026-07-30,2026-07-31,1,0.5694,0.6495,0.5331,0.5254,UP,Low,0.0616,298.88
AKAM,Akamai Technologies,2026-07-30,2026-07-31,1,0.5692,0.4968,0.6102,0.601,UP,Low,-0.3985,111.79
GS,Goldman Sachs Group,2026-07-30,2026-07-31,1,0.5689,0.5161,0.586,0.6048,UP,Low,0.0,1033.34
YUM,Yum! Brands Inc.,2026-07-30,2026-07-31,1,0.5686,0.5228,0.5868,0.5964,UP,Low,0.0441,150.28
PCG,PG&E Corporation,2026-07-30,2026-07-31,1,0.5675,0.5998,0.5581,0.5445,UP,Low,0.3208,17.78
TRMB,Trimble Inc.,2026-07-30,2026-07-31,1,0.5674,0.6068,0.5606,0.5348,UP,Low,0.0,58.38
BWA,BorgWarner Inc.,2026-07-30,2026-07-31,1,0.5674,0.593,0.5587,0.5505,UP,Low,0.089,63.21
MOH,Molina Healthcare Inc.,2026-07-30,2026-07-31,1,0.5673,0.4734,0.5443,0.6844,UP,Low,0.0379,200.34
KIM,Kimco Realty Corporation,2026-07-30,2026-07-31,1,0.5661,0.592,0.5632,0.543,UP,Low,0.1317,26.24
APO,Apollo Global Management,2026-07-30,2026-07-31,1,0.5633,0.5736,0.5411,0.5753,UP,Low,0.0,124.69
AMAT,Applied Materials Inc.,2026-07-30,2026-07-31,1,0.5615,0.4656,0.5506,0.6686,UP,Low,0.4115,476.46
DUK,Duke Energy Corporation,2026-07-30,2026-07-31,1,0.5615,0.6004,0.5248,0.5592,UP,Low,0.0115,129.24
DDOG,Datadog Inc.,2026-07-30,2026-07-31,1,0.5604,0.6505,0.4792,0.5514,UP,Low,0.1945,250.88
LIN,Linde plc,2026-07-30,2026-07-31,1,0.5583,0.4963,0.5404,0.6384,UP,Low,-0.0124,511.18
CME,CME Group Inc.,2026-07-30,2026-07-31,1,0.5573,0.6111,0.5706,0.49,UP,Low,0.0305,260.0
CHRW,C.H. Robinson Worldwide,2026-07-30,2026-07-31,1,0.5569,0.6427,0.5037,0.5239,UP,Low,0.0,169.34
TFC,Truist Financial Corporation,2026-07-30,2026-07-31,1,0.5569,0.5557,0.5599,0.555,UP,Low,0.4988,52.99
ANET,Arista Networks Inc.,2026-07-30,2026-07-31,1,0.5569,0.5976,0.5212,0.5519,UP,Low,0.9232,169.71
TSLA,Tesla Inc.,2026-07-30,2026-07-31,1,0.5555,0.5586,0.546,0.5619,UP,Low,-0.9178,307.44
BLK,BlackRock Inc.,2026-07-30,2026-07-31,1,0.5555,0.6298,0.5402,0.4962,UP,Low,0.0076,1097.55
WBD,Warner Bros. Discovery,2026-07-30,2026-07-31,1,0.5549,0.5653,0.4667,0.6329,UP,Low,-0.0035,25.61
UPS,United Parcel Service,2026-07-30,2026-07-31,1,0.5547,0.5243,0.5345,0.6054,UP,Low,0.0,105.53
MA,Mastercard Incorporated,2026-07-30,2026-07-31,1,0.5532,0.566,0.4902,0.6035,UP,Low,0.0234,562.75
CRM,Salesforce Inc.,2026-07-30,2026-07-31,1,0.5531,0.5781,0.4953,0.5861,UP,Low,0.0099,181.5
GRMN,Garmin Ltd.,2026-07-30,2026-07-31,1,0.5525,0.6366,0.4723,0.5484,UP,Low,0.0,253.65
FDX,FedEx Corporation,2026-07-30,2026-07-31,1,0.5521,0.5502,0.5584,0.5477,UP,Low,0.4364,312.64
DIS,The Walt Disney Company,2026-07-30,2026-07-31,1,0.5516,0.5738,0.533,0.5479,UP,Low,0.0,98.89
UAL,United Airlines Holdings,2026-07-30,2026-07-31,1,0.5516,0.5491,0.5384,0.5673,UP,Low,0.2016,123.77
CPRT,Copart Inc.,2026-07-30,2026-07-31,1,0.5511,0.5908,0.5119,0.5506,UP,Low,0.1966,30.69
EW,Edwards Lifesciences,2026-07-30,2026-07-31,1,0.5507,0.492,0.5631,0.5973,UP,Low,0.4333,83.68
TECH,Bio-Techne Corporation,2026-07-30,2026-07-31,1,0.5504,0.5457,0.5219,0.5835,UP,Low,0.8886,72.07
AIG,American International Group,2026-07-30,2026-07-31,1,0.5504,0.5597,0.5483,0.5433,UP,Low,-0.2004,80.83
EQR,Equity Residential,2026-07-30,2026-07-31,1,0.5501,0.5179,0.548,0.5844,UP,Low,-0.4797,68.09
ODFL,Old Dominion Freight Line,2026-07-30,2026-07-31,1,0.5495,0.494,0.5417,0.6129,UP,Low,0.0,226.28
META,Meta Platforms Inc.,2026-07-30,2026-07-31,1,0.5482,0.5438,0.5385,0.5623,UP,Low,0.0,593.41
DTE,DTE Energy Company,2026-07-30,2026-07-31,1,0.5476,0.4835,0.5757,0.5839,UP,Low,0.0338,146.08
ON,ON Semiconductor Corporation,2026-07-30,2026-07-31,1,0.5467,0.5481,0.5888,0.5032,UP,Low,0.0116,84.39
WM,Waste Management Inc.,2026-07-30,2026-07-31,1,0.5463,0.535,0.5274,0.5765,UP,Low,-0.537,239.41
FICO,Fair Isaac Corporation,2026-07-30,2026-07-31,1,0.546,0.6341,0.4601,0.5436,UP,Low,0.0,1336.22
DHI,D.R. Horton Inc.,2026-07-30,2026-07-31,1,0.5459,0.5349,0.54,0.5629,UP,Low,-0.2435,151.16
SPG,Simon Property Group Inc.,2026-07-30,2026-07-31,1,0.5458,0.5988,0.4929,0.5455,UP,Low,-0.0137,236.7
CPT,Camden Property Trust,2026-07-30,2026-07-31,1,0.5458,0.5425,0.5342,0.5607,UP,Low,0.0242,115.04
TXN,Texas Instruments,2026-07-30,2026-07-31,1,0.5453,0.5201,0.5297,0.5861,UP,Low,-0.3029,277.07
XYL,Xylem Inc.,2026-07-30,2026-07-31,1,0.544,0.5809,0.4808,0.5703,UP,Low,0.0039,124.97
TMUS,T-Mobile US Inc.,2026-07-30,2026-07-31,1,0.5438,0.5482,0.5126,0.5707,UP,Low,0.0,182.39
TXT,Textron Inc.,2026-07-30,2026-07-31,1,0.5436,0.5394,0.5097,0.5818,UP,Low,0.0,89.96
CHD,Church & Dwight Co.,2026-07-30,2026-07-31,1,0.5434,0.5552,0.5208,0.5541,UP,Low,-0.0132,99.93
XOM,Exxon Mobil Corporation,2026-07-30,2026-07-31,1,0.5425,0.5464,0.5331,0.5481,UP,Low,-0.1769,153.04
ITT,ITT Inc.,2026-07-30,2026-07-31,1,0.5412,0.59,0.5067,0.5269,UP,Low,0.0,198.99
DLTR,Dollar Tree Inc.,2026-07-30,2026-07-31,1,0.5406,0.557,0.5349,0.5298,UP,Low,0.0073,126.76
DEI,Douglas Emmett Inc.,2026-07-30,2026-07-31,1,0.5403,0.5493,0.5112,0.5605,UP,Low,-0.0155,12.01
EMN,Eastman Chemical Company,2026-07-30,2026-07-31,1,0.5401,0.5209,0.5542,0.5453,UP,Low,0.452,68.14
BBWI,Bath & Body Works Inc.,2026-07-30,2026-07-31,1,0.5392,0.5294,0.5371,0.5512,UP,Low,0.7668,20.5
BRK-B,Berkshire Hathaway Inc.,2026-07-30,2026-07-31,1,0.5383,0.5425,0.5215,0.551,UP,Low,0.0,512.37
PYPL,PayPal Holdings Inc.,2026-07-30,2026-07-31,1,0.5376,0.5729,0.5127,0.527,UP,Low,0.0,58.32
ES,Eversource Energy,2026-07-30,2026-07-31,1,0.5375,0.5365,0.4955,0.5806,UP,Low,-0.0137,75.39
HLT,Hilton Worldwide Holdings,2026-07-30,2026-07-31,1,0.5375,0.5335,0.5587,0.5202,UP,Low,0.0181,322.43
EBAY,eBay Inc.,2026-07-30,2026-07-31,1,0.5367,0.5002,0.515,0.5951,UP,Low,-0.0088,117.44
ED,Consolidated Edison,2026-07-30,2026-07-31,1,0.5366,0.5737,0.4915,0.5444,UP,Low,-0.0122,111.98
LYV,Live Nation Entertainment,2026-07-30,2026-07-31,1,0.5352,0.4703,0.5106,0.6251,UP,Low,-0.484,180.87
TER,Teradyne Inc.,2026-07-30,2026-07-31,1,0.5351,0.4848,0.5093,0.6115,UP,Low,-0.0042,320.65
GEV,GE Vernova Inc.,2026-07-30,2026-07-31,1,0.5349,0.52,0.4712,0.6135,UP,Low,-0.4714,943.38
NEE,NextEra Energy Inc.,2026-07-30,2026-07-31,1,0.5344,0.531,0.5531,0.519,UP,Low,0.3571,89.28
PPL,PPL Corporation,2026-07-30,2026-07-31,1,0.5335,0.559,0.5181,0.5234,UP,Low,0.1079,36.33
AMZN,Amazon.com Inc.,2026-07-30,2026-07-31,1,0.5328,0.5941,0.4974,0.5068,UP,Low,0.0,230.86
BEN,Franklin Resources Inc.,2026-07-30,2026-07-31,1,0.5328,0.4803,0.5048,0.6136,UP,Low,-0.0222,33.33
WRB,W. R. Berkley Corporation,2026-07-30,2026-07-31,1,0.5316,0.6179,0.4807,0.4959,UP,Low,0.0223,76.17
CCI,Crown Castle Inc.,2026-07-30,2026-07-31,1,0.5315,0.5319,0.5085,0.5541,UP,Low,0.2375,75.75
KVUE,Kenvue Inc.,2026-07-30,2026-07-31,1,0.5307,0.5365,0.4799,0.5757,UP,Low,-0.0142,19.75
ETR,Entergy Corporation,2026-07-30,2026-07-31,1,0.5306,0.5822,0.5021,0.5074,UP,Low,0.0101,112.32
TDY,Teledyne Technologies,2026-07-30,2026-07-31,1,0.5305,0.543,0.5291,0.5193,UP,Low,0.459,649.67
LRCX,Lam Research Corporation,2026-07-30,2026-07-31,1,0.5299,0.5557,0.5438,0.49,UP,Low,0.0,269.61
RF,Regions Financial Corporation,2026-07-30,2026-07-31,1,0.5299,0.5201,0.5556,0.514,UP,Low,0.0146,31.27
OTIS,Otis Worldwide Corporation,2026-07-30,2026-07-31,1,0.5296,0.5049,0.5429,0.541,UP,Low,0.2256,73.61
MAR,Marriott International,2026-07-30,2026-07-31,1,0.5295,0.5849,0.5123,0.4912,UP,Low,0.4599,383.52
NI,NiSource Inc.,2026-07-30,2026-07-31,1,0.5289,0.5258,0.519,0.5421,UP,Low,0.0547,45.73
AIZ,Assurant Inc.,2026-07-30,2026-07-31,1,0.5284,0.5267,0.5389,0.5197,UP,Low,0.0,283.08
GDDY,GoDaddy Inc.,2026-07-30,2026-07-31,1,0.5284,0.5148,0.4831,0.5876,UP,Low,0.0085,102.92
BG,Bunge Global SA,2026-07-30,2026-07-31,1,0.5283,0.5665,0.4816,0.5367,UP,Low,0.0,117.37
RSG,Republic Services Inc.,2026-07-30,2026-07-31,1,0.5277,0.5653,0.4871,0.5307,UP,Low,0.0,216.63
BIIB,Biogen Inc.,2026-07-30,2026-07-31,1,0.5276,0.4523,0.5229,0.6078,UP,Low,0.0,205.61
MAA,Mid-America Apartment Communities,2026-07-30,2026-07-31,1,0.5274,0.4985,0.5522,0.5315,UP,Low,0.0,135.64
MLM,Martin Marietta Materials,2026-07-30,2026-07-31,1,0.5273,0.546,0.4975,0.5385,UP,Low,0.0,583.67
ENPH,Enphase Energy Inc.,2026-07-30,2026-07-31,1,0.5271,0.4924,0.5222,0.5667,UP,Low,0.0,36.32
NKE,NIKE Inc.,2026-07-30,2026-07-31,1,0.5269,0.5378,0.4962,0.5466,UP,Low,-0.4671,43.05
STT,State Street Corporation,2026-07-30,2026-07-31,1,0.5266,0.468,0.5364,0.5755,UP,Low,0.895,182.57
APD,Air Products and Chemicals,2026-07-30,2026-07-31,1,0.526,0.5164,0.4947,0.5671,UP,Low,0.0,292.85
PFE,Pfizer Inc.,2026-07-30,2026-07-31,1,0.5257,0.5345,0.5235,0.5191,UP,Low,-0.0681,25.25
CE,Celanese Corporation,2026-07-30,2026-07-31,1,0.5254,0.5863,0.4862,0.5036,UP,Low,0.0,43.5
CTAS,Cintas Corporation,2026-07-30,2026-07-31,1,0.5252,0.5051,0.5036,0.5669,UP,Low,0.0,214.9
REG,Regency Centers Corporation,2026-07-30,2026-07-31,1,0.525,0.5353,0.5197,0.5199,UP,Low,0.0265,80.97
MCD,McDonald's Corporation,2026-07-30,2026-07-31,1,0.5247,0.5258,0.5322,0.5161,UP,Low,-0.0599,273.02
MCK,McKesson Corporation,2026-07-30,2026-07-31,1,0.5243,0.6027,0.5191,0.4508,UP,Low,0.0392,889.5
QRVO,Qorvo Inc.,2026-07-30,2026-07-31,1,0.5243,0.5536,0.5029,0.5162,UP,Low,0.0,91.76
LUV,Southwest Airlines Co.,2026-07-30,2026-07-31,1,0.524,0.3942,0.5449,0.6334,UP,Low,-0.2973,46.31
BLDR,Builders FirstSource Inc.,2026-07-30,2026-07-31,1,0.524,0.4993,0.5045,0.5684,UP,Low,0.0,73.68
SW,Smurfit WestRock plc,2026-07-30,2026-07-31,1,0.5239,0.5266,0.5165,0.5286,UP,Low,0.01,50.8
MET,MetLife Inc.,2026-07-30,2026-07-31,1,0.5236,0.5099,0.4792,0.5817,UP,Low,-0.0137,97.49
ACGL,Arch Capital Group,2026-07-30,2026-07-31,1,0.5235,0.5664,0.4881,0.5158,UP,Low,0.0,106.48
O,Realty Income Corporation,2026-07-30,2026-07-31,1,0.5227,0.5131,0.5599,0.4951,UP,Low,0.0031,65.73
EQIX,Equinix Inc.,2026-07-30,2026-07-31,1,0.5224,0.4944,0.4909,0.5819,UP,Low,0.3522,1034.86
AJG,Arthur J. Gallagher & Co.,2026-07-30,2026-07-31,1,0.5221,0.5643,0.4969,0.505,UP,Low,0.0,265.31
ELV,Elevance Health Inc.,2026-07-30,2026-07-31,1,0.5219,0.4851,0.4945,0.5862,UP,Low,0.8381,385.73
TSCO,Tractor Supply Company,2026-07-30,2026-07-31,1,0.5216,0.5542,0.4402,0.5704,UP,Low,-0.0799,31.46
CTVA,Corteva Inc.,2026-07-30,2026-07-31,1,0.5215,0.5697,0.5135,0.4811,UP,Low,0.0467,88.95
GD,General Dynamics,2026-07-30,2026-07-31,1,0.5213,0.5401,0.5415,0.4821,UP,Low,0.0,393.19
TYL,Tyler Technologies Inc.,2026-07-30,2026-07-31,1,0.5212,0.6199,0.4437,0.4998,UP,Low,0.0,333.35
ABNB,Airbnb Inc.,2026-07-30,2026-07-31,1,0.5205,0.6008,0.4901,0.4704,UP,Low,0.0,153.11
VRTX,Vertex Pharmaceuticals,2026-07-30,2026-07-31,1,0.5204,0.4586,0.5453,0.5576,UP,Low,0.239,490.39
HSIC,Henry Schein Inc.,2026-07-30,2026-07-31,1,0.5202,0.5395,0.512,0.509,UP,Low,0.0214,85.71
TROW,T. Rowe Price Group,2026-07-30,2026-07-31,1,0.5197,0.5652,0.5177,0.4761,UP,Low,0.0,121.68
BRO,Brown & Brown Inc.,2026-07-30,2026-07-31,1,0.5192,0.5074,0.4999,0.5505,UP,Low,-0.5063,73.65
CFG,Citizens Financial Group,2026-07-30,2026-07-31,1,0.5189,0.5344,0.5034,0.519,UP,Low,0.1574,72.94
SMCI,Super Micro Computer Inc.,2026-07-30,2026-07-31,1,0.5188,0.5694,0.4953,0.4916,UP,Low,-0.5165,28.45
MO,Altria Group Inc.,2026-07-30,2026-07-31,1,0.5188,0.5198,0.5257,0.5108,UP,Low,0.0,74.82
CI,The Cigna Group,2026-07-30,2026-07-31,1,0.5187,0.5711,0.478,0.5069,UP,Low,0.0,301.06
ATO,Atmos Energy Corporation,2026-07-30,2026-07-31,1,0.5186,0.5205,0.5132,0.5221,UP,Low,0.0054,179.38
FE,FirstEnergy Corp.,2026-07-30,2026-07-31,1,0.5185,0.5017,0.5279,0.5259,UP,Low,0.0,49.65
NTRS,Northern Trust Corporation,2026-07-30,2026-07-31,1,0.5168,0.4755,0.502,0.573,UP,Low,-0.9132,180.86
STZ,Constellation Brands Inc.,2026-07-30,2026-07-31,1,0.5167,0.494,0.5109,0.5453,UP,Low,0.2684,132.02
WY,Weyerhaeuser Company,2026-07-30,2026-07-31,1,0.5166,0.5169,0.4858,0.5472,UP,Low,-0.2237,24.61
GNRC,Generac Holdings Inc.,2026-07-30,2026-07-31,1,0.5163,0.5148,0.5223,0.5119,UP,Low,0.9349,195.6
NCLH,Norwegian Cruise Line Holdings,2026-07-30,2026-07-31,1,0.5161,0.5703,0.5055,0.4722,UP,Low,0.0,21.22
IRM,Iron Mountain Inc.,2026-07-30,2026-07-31,1,0.516,0.5358,0.4536,0.5585,UP,Low,0.0,125.7
WMT,Walmart Inc.,2026-07-30,2026-07-31,1,0.5159,0.545,0.4576,0.5452,UP,Low,-0.02,113.1
AVGO,Broadcom Inc.,2026-07-30,2026-07-31,1,0.5153,0.4348,0.5413,0.57,UP,Low,0.4571,380.91
MHK,Mohawk Industries Inc.,2026-07-30,2026-07-31,1,0.5153,0.5203,0.5056,0.5201,UP,Low,-0.3924,117.14
SYF,Synchrony Financial,2026-07-30,2026-07-31,1,0.5151,0.4919,0.4565,0.597,UP,Low,-0.3965,77.12
IEX,IDEX Corporation,2026-07-30,2026-07-31,1,0.515,0.5354,0.5095,0.5001,UP,Low,0.0,224.65
AWK,American Water Works,2026-07-30,2026-07-31,1,0.5146,0.4727,0.5081,0.5632,UP,Low,0.0,138.04
FRT,Federal Realty Investment Trust,2026-07-30,2026-07-31,1,0.5145,0.5283,0.5,0.5153,UP,Low,0.059,126.12
FOX,Fox Corporation,2026-07-30,2026-07-31,1,0.5144,0.4707,0.5185,0.5542,UP,Low,-0.0203,51.63
RCL,Royal Caribbean Cruises,2026-07-30,2026-07-31,1,0.5137,0.5466,0.5139,0.4805,UP,Low,0.0,322.5
HD,Home Depot Inc.,2026-07-30,2026-07-31,1,0.5133,0.5077,0.4834,0.549,UP,Low,-0.4094,344.47
CVX,Chevron Corporation,2026-07-30,2026-07-31,1,0.5132,0.5004,0.5115,0.5279,UP,Low,-0.7938,187.58
DOW,Dow Inc.,2026-07-30,2026-07-31,1,0.5128,0.4782,0.4825,0.5778,UP,Low,0.349,28.85
EIX,Edison International,2026-07-30,2026-07-31,1,0.5127,0.4949,0.5126,0.5305,UP,Low,0.4766,79.79
HPQ,HP Inc.,2026-07-30,2026-07-31,1,0.5127,0.4049,0.5428,0.5907,UP,Low,-0.0088,28.29
NFLX,Netflix Inc.,2026-07-30,2026-07-31,1,0.5119,0.5001,0.4931,0.5425,UP,Low,0.0256,72.39
WFC,Wells Fargo & Company,2026-07-30,2026-07-31,1,0.5118,0.4772,0.5341,0.5241,UP,Low,0.0,86.87
LNT,Alliant Energy Corporation,2026-07-30,2026-07-31,1,0.5118,0.4489,0.4551,0.6318,UP,Low,-0.0404,73.79
ABT,Abbott Laboratories,2026-07-30,2026-07-31,1,0.5118,0.5693,0.4645,0.5013,UP,Low,-0.1041,107.27
SCHW,Charles Schwab Corporation,2026-07-30,2026-07-31,1,0.5111,0.5534,0.4873,0.4924,UP,Low,0.4382,105.97
TT,Trane Technologies plc,2026-07-30,2026-07-31,1,0.5111,0.5496,0.4952,0.4883,UP,Low,-0.2133,470.03
PNW,Pinnacle West Capital,2026-07-30,2026-07-31,1,0.511,0.5087,0.4785,0.5457,UP,Low,0.357,105.33
UBER,Uber Technologies Inc.,2026-07-30,2026-07-31,1,0.5106,0.5337,0.4395,0.5586,UP,Low,-0.0829,70.74
HST,Host Hotels & Resorts,2026-07-30,2026-07-31,1,0.5102,0.5198,0.5168,0.494,UP,Low,0.0949,25.47
EXR,Extra Space Storage,2026-07-30,2026-07-31,1,0.5102,0.5553,0.4617,0.5135,UP,Low,0.0,152.21
DVA,DaVita Inc.,2026-07-30,2026-07-31,1,0.51,0.4408,0.5613,0.5281,UP,Low,0.0,239.46
TTWO,Take-Two Interactive,2026-07-30,2026-07-31,1,0.5098,0.5805,0.5254,0.4235,UP,Low,0.4276,247.62
IFF,International Flavors & Fragrances,2026-07-30,2026-07-31,1,0.5091,0.5376,0.47,0.5197,UP,Low,0.0,79.25
CTSH,Cognizant Technology,2026-07-30,2026-07-31,1,0.5089,0.5896,0.4396,0.4972,UP,Low,0.0184,50.31
PSX,Phillips 66,2026-07-30,2026-07-31,1,0.5088,0.5634,0.4684,0.4944,UP,Low,0.0,205.85
CNP,CenterPoint Energy,2026-07-30,2026-07-31,1,0.5087,0.54,0.4726,0.5134,UP,Low,0.0,44.1
ROP,Roper Technologies Inc.,2026-07-30,2026-07-31,1,0.5083,0.5365,0.4348,0.5536,UP,Low,0.0598,390.92
CNC,Centene Corporation,2026-07-30,2026-07-31,1,0.5081,0.5028,0.473,0.5486,UP,Low,0.0216,63.91
IVZ,Invesco Ltd.,2026-07-30,2026-07-31,1,0.508,0.5455,0.5055,0.4728,UP,Low,0.0023,29.43
LOW,Lowe's Companies Inc.,2026-07-30,2026-07-31,1,0.5079,0.5138,0.4926,0.5172,UP,Low,-0.0794,218.24
FITB,Fifth Third Bancorp,2026-07-30,2026-07-31,1,0.5078,0.4633,0.5653,0.495,UP,Low,0.1085,57.8
HBAN,Huntington Bancshares,2026-07-30,2026-07-31,1,0.5076,0.4758,0.467,0.5802,UP,Low,0.2287,17.3
ANF,Abercrombie & Fitch,2026-07-30,2026-07-31,1,0.5072,0.5544,0.4682,0.499,UP,Low,0.3389,103.16
MDLZ,Mondelez International,2026-07-30,2026-07-31,1,0.5072,0.5006,0.5119,0.5091,UP,Low,0.0638,62.48
L,Loews Corporation,2026-07-30,2026-07-31,1,0.5071,0.4668,0.4992,0.5555,UP,Low,0.8421,119.4
AVB,AvalonBay Communities,2026-07-30,2026-07-31,1,0.5067,0.5072,0.4748,0.5381,UP,Low,-0.2691,190.39
TJX,TJX Companies Inc.,2026-07-30,2026-07-31,1,0.5067,0.5032,0.5428,0.4742,UP,Low,0.0131,160.8
ROL,Rollins Inc.,2026-07-30,2026-07-31,1,0.5064,0.428,0.5694,0.5219,UP,Low,-0.0272,39.01
CAH,Cardinal Health Inc.,2026-07-30,2026-07-31,1,0.5064,0.4691,0.5354,0.5147,UP,Low,0.0663,232.51
ORLY,O'Reilly Automotive Inc.,2026-07-30,2026-07-31,1,0.5062,0.4865,0.5104,0.5218,UP,Low,0.0,91.17
JPM,JPMorgan Chase & Co.,2026-07-30,2026-07-31,1,0.506,0.4294,0.4995,0.5893,UP,Low,-0.1574,357.31
INCY,Incyte Corporation,2026-07-30,2026-07-31,1,0.5059,0.4906,0.533,0.4941,UP,Low,0.0202,129.93
CL,Colgate-Palmolive,2026-07-30,2026-07-31,1,0.5055,0.4727,0.5013,0.5426,UP,Low,0.1789,92.73
LDOS,Leidos Holdings Inc.,2026-07-30,2026-07-31,1,0.5055,0.496,0.4944,0.5262,UP,Low,0.1236,118.36
MTD,Mettler-Toledo International,2026-07-30,2026-07-31,1,0.505,0.5368,0.5148,0.4633,UP,Low,0.0791,1388.38
ESS,Essex Property Trust,2026-07-30,2026-07-31,1,0.5048,0.5181,0.5183,0.478,UP,Low,0.0,294.52
CPB,Campbell Soup Company,2026-07-30,2026-07-31,1,0.5048,0.5561,0.468,0.4902,UP,Low,0.0,22.81
SJM,J.M. Smucker Company,2026-07-30,2026-07-31,1,0.5047,0.5585,0.4405,0.515,UP,Low,-0.3332,123.04
PEG,Public Service Enterprise Group,2026-07-30,2026-07-31,1,0.5047,0.4825,0.5054,0.5262,UP,Low,0.1008,78.95
KEY,KeyCorp,2026-07-30,2026-07-31,1,0.5047,0.475,0.4801,0.5591,UP,Low,-0.2627,22.63
DAL,Delta Air Lines Inc.,2026-07-30,2026-07-31,1,0.5044,0.4934,0.5086,0.5113,UP,Low,0.0167,89.37
BA,Boeing Company,2026-07-30,2026-07-31,1,0.5039,0.522,0.4764,0.5132,UP,Low,0.0058,221.56
VRSK,Verisk Analytics Inc.,2026-07-30,2026-07-31,1,0.5038,0.5413,0.4818,0.4881,UP,Low,0.0,212.26
WEC,WEC Energy Group Inc.,2026-07-30,2026-07-31,1,0.5036,0.5265,0.4613,0.523,UP,Low,0.0,113.61
SPGI,S&P Global Inc.,2026-07-30,2026-07-31,1,0.5031,0.5218,0.4812,0.5064,UP,Low,0.0,424.36
FAST,Fastenal Company,2026-07-30,2026-07-31,1,0.5027,0.5197,0.47,0.5182,UP,Low,-0.0987,48.1
BAC,Bank of America Corp,2026-07-30,2026-07-31,1,0.5027,0.4533,0.5239,0.5309,UP,Low,0.4461,62.62
VICI,VICI Properties Inc.,2026-07-30,2026-07-31,1,0.5025,0.5029,0.4932,0.5114,UP,Low,0.0,27.1
KMB,Kimberly-Clark Corporation,2026-07-30,2026-07-31,1,0.5023,0.4347,0.5145,0.5579,UP,Low,0.1043,113.09
KDP,Keurig Dr Pepper Inc.,2026-07-30,2026-07-31,1,0.5023,0.4924,0.4989,0.5157,UP,Low,-0.2153,31.08
ARE,Alexandria Real Estate,2026-07-30,2026-07-31,1,0.5021,0.5599,0.4663,0.4799,UP,Low,0.1895,54.0
COF,Capital One Financial,2026-07-30,2026-07-31,1,0.5021,0.5314,0.4764,0.4984,UP,Low,0.1711,212.41
CSCO,Cisco Systems Inc.,2026-07-30,2026-07-31,1,0.5021,0.5094,0.4769,0.52,UP,Low,0.8263,115.58
WAT,Waters Corporation,2026-07-30,2026-07-31,1,0.5019,0.5004,0.4843,0.5209,UP,Low,-0.7586,383.9
PNC,PNC Financial Services,2026-07-30,2026-07-31,1,0.5016,0.4831,0.5117,0.5101,UP,Low,0.0393,251.6
ETN,Eaton Corporation plc,2026-07-30,2026-07-31,1,0.5013,0.5296,0.455,0.5194,UP,Low,-0.9617,386.26
AEP,American Electric Power,2026-07-30,2026-07-31,1,0.5007,0.5305,0.479,0.4924,UP,Low,0.0,133.02
UNP,Union Pacific Corporation,2026-07-30,2026-07-31,1,0.5007,0.4789,0.502,0.5213,UP,Low,0.9327,294.45
MSCI,MSCI Inc.,2026-07-30,2026-07-31,1,0.5003,0.4263,0.4946,0.5802,UP,Low,0.0193,579.39
JNJ,Johnson & Johnson,2026-07-30,2026-07-31,1,0.5,0.4987,0.5227,0.4787,UP,Low,0.4283,266.73
GWW,W.W. Grainger Inc.,2026-07-30,2026-07-31,0,0.4998,0.4577,0.5122,0.5297,DOWN,Low,0.4947,1398.9
BMY,Bristol-Myers Squibb,2026-07-30,2026-07-31,0,0.4996,0.509,0.5141,0.4756,DOWN,Low,0.0,63.6
HWM,Howmet Aerospace Inc.,2026-07-30,2026-07-31,0,0.4991,0.5459,0.4805,0.4707,DOWN,Low,0.4136,286.04
HON,Honeywell International,2026-07-30,2026-07-31,0,0.4989,0.5042,0.436,0.5565,DOWN,Low,-0.0613,247.05
OXY,Occidental Petroleum,2026-07-30,2026-07-31,0,0.4987,0.4767,0.4347,0.5848,DOWN,Low,-0.3512,53.93
STX,Seagate Technology Holdings,2026-07-30,2026-07-31,0,0.4987,0.3667,0.5164,0.6135,DOWN,Low,0.0,747.3
KKR,KKR & Co. Inc.,2026-07-30,2026-07-31,0,0.4984,0.4549,0.5333,0.5071,DOWN,Low,0.0339,102.66
HIG,Hartford Financial Services,2026-07-30,2026-07-31,0,0.498,0.5026,0.4935,0.498,DOWN,Low,0.255,143.42
PH,Parker-Hannifin Corporation,2026-07-30,2026-07-31,0,0.4979,0.4718,0.5252,0.4968,DOWN,Low,0.0025,990.96
NWS,News Corp,2026-07-30,2026-07-31,0,0.4978,0.466,0.5196,0.5079,DOWN,Low,0.0,31.81
NOW,ServiceNow Inc.,2026-07-30,2026-07-31,0,0.4977,0.5152,0.5395,0.4381,DOWN,Low,0.3267,110.62
NOC,Northrop Grumman Corporation,2026-07-30,2026-07-31,0,0.4971,0.5542,0.5279,0.4091,DOWN,Low,0.6883,549.22
LLY,Eli Lilly and Company,2026-07-30,2026-07-31,0,0.4967,0.4688,0.4843,0.5372,DOWN,Low,-0.009,1220.66
PSA,Public Storage,2026-07-30,2026-07-31,0,0.4963,0.4842,0.5175,0.4872,DOWN,Low,0.0,330.47
ISRG,Intuitive Surgical Inc.,2026-07-30,2026-07-31,0,0.4961,0.4213,0.4906,0.5765,DOWN,Low,0.4459,361.8
AES,AES Corporation,2026-07-30,2026-07-31,0,0.496,0.5045,0.4829,0.5008,DOWN,Low,0.0,14.83
BX,Blackstone Inc.,2026-07-30,2026-07-31,0,0.4959,0.4526,0.5126,0.5227,DOWN,Low,0.327,133.9
LHX,L3Harris Technologies,2026-07-30,2026-07-31,0,0.4958,0.4571,0.5402,0.4901,DOWN,Low,0.0,305.2
SHW,Sherwin-Williams Company,2026-07-30,2026-07-31,0,0.4957,0.5154,0.4771,0.4947,DOWN,Low,0.0,354.27
LEN,Lennar Corporation,2026-07-30,2026-07-31,0,0.4956,0.381,0.5574,0.5488,DOWN,Low,-0.007,87.65
USB,U.S. Bancorp,2026-07-30,2026-07-31,0,0.4946,0.5018,0.4742,0.5079,DOWN,Low,0.8695,64.43
AXP,American Express Company,2026-07-30,2026-07-31,0,0.4944,0.3816,0.5073,0.5946,DOWN,Low,-0.0133,336.63
SYY,Sysco Corporation,2026-07-30,2026-07-31,0,0.4942,0.5198,0.4673,0.4954,DOWN,Low,0.3756,85.2
TEL,TE Connectivity Ltd.,2026-07-30,2026-07-31,0,0.4936,0.5069,0.4916,0.4822,DOWN,Low,0.011,214.29
PAYX,Paychex Inc.,2026-07-30,2026-07-31,0,0.4933,0.5649,0.4452,0.4695,DOWN,Low,0.1225,118.87
ABBV,AbbVie Inc.,2026-07-30,2026-07-31,0,0.4929,0.5377,0.4676,0.4734,DOWN,Low,0.0473,263.2
WELL,Welltower Inc.,2026-07-30,2026-07-31,0,0.4928,0.4478,0.486,0.5447,DOWN,Low,-0.0312,243.57
MCO,Moody's Corporation,2026-07-30,2026-07-31,0,0.4922,0.5099,0.48,0.4866,DOWN,Low,0.6386,484.2
CEG,Constellation Energy,2026-07-30,2026-07-31,0,0.4921,0.4278,0.5211,0.5274,DOWN,Low,-0.9351,259.82
CB,Chubb Limited,2026-07-30,2026-07-31,0,0.4919,0.4493,0.5142,0.5123,DOWN,Low,0.5239,363.5
AME,AMETEK Inc.,2026-07-30,2026-07-31,0,0.4913,0.4853,0.4907,0.4979,DOWN,Low,-0.0512,241.43
APA,APA Corporation,2026-07-30,2026-07-31,0,0.4912,0.4651,0.4935,0.5151,DOWN,Low,-0.0176,34.93
IDXX,IDEXX Laboratories,2026-07-30,2026-07-31,0,0.4905,0.39,0.4689,0.613,DOWN,Low,-0.066,569.54
GPN,Global Payments Inc.,2026-07-30,2026-07-31,0,0.4903,0.4471,0.4786,0.5455,DOWN,Low,0.0285,87.46
FFIV,F5 Inc.,2026-07-30,2026-07-31,0,0.4902,0.5318,0.4615,0.4771,DOWN,Low,0.0009,403.46
PCAR,PACCAR Inc.,2026-07-30,2026-07-31,0,0.4902,0.4908,0.505,0.4749,DOWN,Low,0.0,138.21
NXPI,NXP Semiconductors,2026-07-30,2026-07-31,0,0.4893,0.5034,0.489,0.4755,DOWN,Low,0.0,259.12
CCL,Carnival Corporation,2026-07-30,2026-07-31,0,0.4889,0.5437,0.4389,0.4841,DOWN,Low,0.4162,28.23
PEP,PepsiCo Inc.,2026-07-30,2026-07-31,0,0.4884,0.4299,0.4655,0.5702,DOWN,Low,-0.9408,142.86
COR,Cencora Inc.,2026-07-30,2026-07-31,0,0.4882,0.4541,0.502,0.5087,DOWN,Low,0.0435,319.58
KMX,CarMax Inc.,2026-07-30,2026-07-31,0,0.4878,0.4456,0.499,0.519,DOWN,Low,-0.007,58.88
PRU,Prudential Financial Inc.,2026-07-30,2026-07-31,0,0.4878,0.5047,0.4793,0.4795,DOWN,Low,0.0057,123.93
AOS,A. O. Smith Corporation,2026-07-30,2026-07-31,0,0.4876,0.4172,0.5402,0.5057,DOWN,Low,0.0,64.01
GEN,Gen Digital Inc.,2026-07-30,2026-07-31,0,0.4875,0.4247,0.4839,0.5542,DOWN,Low,-0.0128,27.58
EXC,Exelon Corporation,2026-07-30,2026-07-31,0,0.4875,0.4651,0.4695,0.5279,DOWN,Low,0.0286,47.31
MNST,Monster Beverage Corporation,2026-07-30,2026-07-31,0,0.4873,0.4484,0.4698,0.544,DOWN,Low,-0.0307,97.74
CF,CF Industries Holdings,2026-07-30,2026-07-31,0,0.4873,0.5073,0.4667,0.488,DOWN,Low,0.1863,122.92
PM,Philip Morris International,2026-07-30,2026-07-31,0,0.4871,0.5555,0.4715,0.4342,DOWN,Low,0.2044,200.17
ZBRA,Zebra Technologies Corporation,2026-07-30,2026-07-31,0,0.4866,0.5457,0.511,0.4029,DOWN,Low,0.9106,284.4
DXCM,DexCom Inc.,2026-07-30,2026-07-31,0,0.4863,0.4544,0.4312,0.5736,DOWN,Low,-0.0074,74.85
DE,Deere & Company,2026-07-30,2026-07-31,0,0.4862,0.4395,0.5141,0.5051,DOWN,Low,0.7091,639.84
SBAC,SBA Communications,2026-07-30,2026-07-31,0,0.4859,0.4403,0.473,0.5444,DOWN,Low,0.1457,174.93
MRK,Merck & Co. Inc.,2026-07-30,2026-07-31,0,0.4852,0.4491,0.537,0.4697,DOWN,Low,0.0,131.82
SBUX,Starbucks Corporation,2026-07-30,2026-07-31,0,0.4851,0.4157,0.4776,0.5622,DOWN,Low,0.0385,103.1
NDAQ,Nasdaq Inc.,2026-07-30,2026-07-31,0,0.4848,0.4844,0.4993,0.4706,DOWN,Low,0.0539,95.96
LH,Laboratory Corporation,2026-07-30,2026-07-31,0,0.4848,0.5871,0.4432,0.4237,DOWN,Low,0.0951,314.23
EOG,EOG Resources Inc.,2026-07-30,2026-07-31,0,0.4846,0.4897,0.5063,0.4576,DOWN,Low,-0.013,139.64
PWR,Quanta Services Inc.,2026-07-30,2026-07-31,0,0.4838,0.4331,0.5154,0.503,DOWN,Low,0.0,588.36
CSX,CSX Corporation,2026-07-30,2026-07-31,0,0.4837,0.4052,0.512,0.5341,DOWN,Low,0.4448,50.84
NDSN,Nordson Corporation,2026-07-30,2026-07-31,0,0.4833,0.4664,0.4852,0.4985,DOWN,Low,-0.9068,302.65
LVS,Las Vegas Sands Corp.,2026-07-30,2026-07-31,0,0.4833,0.5048,0.4426,0.5024,DOWN,Low,-0.033,48.25
CPAY,Corpay Inc.,2026-07-30,2026-07-31,0,0.4832,0.4031,0.5015,0.5453,DOWN,Low,0.0152,384.32
CBOE,Cboe Global Markets,2026-07-30,2026-07-31,0,0.4831,0.4124,0.4981,0.539,DOWN,Low,0.4561,297.39
TPR,Tapestry Inc.,2026-07-30,2026-07-31,0,0.4831,0.5032,0.4936,0.4526,DOWN,Low,0.0,150.9
UHS,Universal Health Services,2026-07-30,2026-07-31,0,0.4825,0.5249,0.4697,0.4528,DOWN,Low,-0.4906,166.22
ALK,Alaska Air Group,2026-07-30,2026-07-31,0,0.4824,0.4583,0.5183,0.4707,DOWN,Low,-0.0309,48.61
PKG,Packaging Corporation of America,2026-07-30,2026-07-31,0,0.4819,0.5133,0.4671,0.4651,DOWN,Low,0.4536,253.24
ROK,Rockwell Automation,2026-07-30,2026-07-31,0,0.4818,0.4886,0.4462,0.5106,DOWN,Low,0.4832,471.17
A,Agilent Technologies,2026-07-30,2026-07-31,0,0.4814,0.4378,0.5092,0.4974,DOWN,Low,-0.0045,140.54
ECL,Ecolab Inc.,2026-07-30,2026-07-31,0,0.4811,0.4423,0.4942,0.5068,DOWN,Low,0.0,282.9
UDR,United Dominion Realty Trust,2026-07-30,2026-07-31,0,0.4806,0.5597,0.4704,0.4114,DOWN,Low,0.2043,39.0
AMCR,Amcor plc,2026-07-30,2026-07-31,0,0.4803,0.4992,0.4764,0.4652,DOWN,Low,0.0,46.69
HCA,HCA Healthcare Inc.,2026-07-30,2026-07-31,0,0.4803,0.4909,0.4676,0.4825,DOWN,Low,0.0,418.19
FOXA,Fox Corporation,2026-07-30,2026-07-31,0,0.48,0.468,0.4873,0.4848,DOWN,Low,0.001,57.72
EL,Estee Lauder Companies,2026-07-30,2026-07-31,0,0.48,0.4508,0.5154,0.4739,DOWN,Low,0.0405,84.75
FDS,FactSet Research Systems,2026-07-30,2026-07-31,0,0.4793,0.3971,0.4525,0.5885,DOWN,Low,-0.445,283.87
DD,DuPont de Nemours,2026-07-30,2026-07-31,0,0.4791,0.4669,0.4615,0.5091,DOWN,Low,0.2887,140.77
SO,Southern Company,2026-07-30,2026-07-31,0,0.4791,0.4391,0.4738,0.5246,DOWN,Low,0.0,96.78
AFL,Aflac Inc.,2026-07-30,2026-07-31,0,0.4789,0.4786,0.4332,0.5249,DOWN,Low,-0.028,129.55
RMD,ResMed Inc.,2026-07-30,2026-07-31,0,0.4789,0.5105,0.4577,0.4685,DOWN,Low,0.3383,208.96
FMC,FMC Corporation,2026-07-30,2026-07-31,0,0.4774,0.4952,0.4553,0.4816,DOWN,Low,0.0,10.94
XEL,Xcel Energy Inc.,2026-07-30,2026-07-31,0,0.4773,0.467,0.4499,0.515,DOWN,Low,0.0,80.33
MOS,Mosaic Company,2026-07-30,2026-07-31,0,0.4763,0.4149,0.5154,0.4988,DOWN,Low,0.0,23.08
MTB,M&T Bank Corporation,2026-07-30,2026-07-31,0,0.4761,0.4375,0.4887,0.5022,DOWN,Low,0.0493,252.61
AVY,Avery Dennison Corporation,2026-07-30,2026-07-31,0,0.4758,0.5176,0.4395,0.4703,DOWN,Low,0.0,169.13
LYB,LyondellBasell Industries,2026-07-30,2026-07-31,0,0.4756,0.4378,0.4668,0.5222,DOWN,Low,0.0555,58.22
ADI,Analog Devices Inc.,2026-07-30,2026-07-31,0,0.4755,0.3723,0.534,0.5204,DOWN,Low,0.0,365.83
EMR,Emerson Electric Co.,2026-07-30,2026-07-31,0,0.4754,0.4755,0.4843,0.4664,DOWN,Low,0.0216,151.81
PODD,Insulet Corporation,2026-07-30,2026-07-31,0,0.475,0.4125,0.469,0.5438,DOWN,Low,-0.0061,167.47
HSY,Hershey Company,2026-07-30,2026-07-31,0,0.4749,0.4838,0.4578,0.483,DOWN,Low,0.0,183.39
CHTR,Charter Communications,2026-07-30,2026-07-31,0,0.4746,0.2889,0.5158,0.6195,DOWN,Low,-0.4479,139.97
FTV,Fortive Corporation,2026-07-30,2026-07-31,0,0.4742,0.4148,0.4935,0.5145,DOWN,Low,0.3059,64.09
BBY,Best Buy Co. Inc.,2026-07-30,2026-07-31,0,0.4734,0.4443,0.4811,0.495,DOWN,Low,-0.0232,89.47
AMGN,Amgen Inc.,2026-07-30,2026-07-31,0,0.4732,0.5115,0.4723,0.4355,DOWN,Low,0.475,393.1
FIS,Fidelity National Information,2026-07-30,2026-07-31,0,0.4732,0.5206,0.427,0.4719,DOWN,Low,-0.191,44.93
PFG,Principal Financial Group,2026-07-30,2026-07-31,0,0.4731,0.4455,0.4717,0.5021,DOWN,Low,0.2359,114.09
VTRS,Viatris Inc.,2026-07-30,2026-07-31,0,0.4731,0.4332,0.4788,0.5074,DOWN,Low,0.0113,17.86
V,Visa Inc.,2026-07-30,2026-07-31,0,0.4731,0.4855,0.4729,0.4608,DOWN,Low,0.5527,366.59
NWSA,News Corp,2026-07-30,2026-07-31,0,0.4728,0.467,0.4358,0.5157,DOWN,Low,0.0,28.18
ICE,Intercontinental Exchange,2026-07-30,2026-07-31,0,0.4728,0.4336,0.4675,0.5173,DOWN,Low,0.0,152.72
DHR,Danaher Corporation,2026-07-30,2026-07-31,0,0.4726,0.4705,0.4958,0.4516,DOWN,Low,-0.5909,199.05
CMS,CMS Energy Corporation,2026-07-30,2026-07-31,0,0.4725,0.4142,0.4955,0.5079,DOWN,Low,0.0,74.37
HUM,Humana Inc.,2026-07-30,2026-07-31,0,0.472,0.4249,0.4933,0.4979,DOWN,Low,-0.0136,388.71
EVRG,Evergy Inc.,2026-07-30,2026-07-31,0,0.4719,0.4124,0.4907,0.5128,DOWN,Low,0.0,85.66
PAYC,Paycom Software Inc.,2026-07-30,2026-07-31,0,0.4719,0.4876,0.4703,0.4578,DOWN,Low,0.0,161.72
MSI,Motorola Solutions Inc.,2026-07-30,2026-07-31,0,0.4706,0.4561,0.4738,0.4819,DOWN,Low,0.0289,440.31
J,Jacobs Solutions Inc.,2026-07-30,2026-07-31,0,0.4702,0.4627,0.47,0.4779,DOWN,Low,0.0,140.61
WDC,Western Digital Corporation,2026-07-30,2026-07-31,0,0.47,0.4,0.5288,0.4814,DOWN,Low,0.7195,463.51
F,Ford Motor Company,2026-07-30,2026-07-31,0,0.4687,0.4127,0.5275,0.466,DOWN,Low,0.0,14.96
GILD,Gilead Sciences Inc.,2026-07-30,2026-07-31,0,0.4684,0.4072,0.4569,0.5412,DOWN,Low,-0.2959,134.32
SOLV,Solventum Corporation,2026-07-30,2026-07-31,0,0.4682,0.5444,0.3922,0.4678,DOWN,Low,0.0327,86.17
ADM,Archer-Daniels-Midland,2026-07-30,2026-07-31,0,0.4679,0.4345,0.4722,0.4973,DOWN,Low,0.2539,83.18
PHM,PulteGroup Inc.,2026-07-30,2026-07-31,0,0.4676,0.4625,0.4588,0.4814,DOWN,Low,-0.1371,134.75
ADSK,Autodesk Inc.,2026-07-30,2026-07-31,0,0.4673,0.4833,0.4589,0.4596,DOWN,Low,0.8371,237.38
PG,Procter & Gamble,2026-07-30,2026-07-31,0,0.4671,0.4218,0.4746,0.5051,DOWN,Low,0.0,148.88
TAP,Molson Coors Beverage Company,2026-07-30,2026-07-31,0,0.467,0.4883,0.4407,0.4718,DOWN,Low,0.0473,42.51
PLD,Prologis Inc.,2026-07-30,2026-07-31,0,0.4668,0.4415,0.4572,0.5016,DOWN,Low,0.3041,147.12
ITW,Illinois Tool Works,2026-07-30,2026-07-31,0,0.4668,0.4825,0.459,0.4588,DOWN,Low,0.0,295.16
MKC,McCormick & Company,2026-07-30,2026-07-31,0,0.4664,0.5198,0.4574,0.4219,DOWN,Low,0.0586,51.53
SNPS,Synopsys Inc.,2026-07-30,2026-07-31,0,0.4661,0.4412,0.5173,0.4396,DOWN,Low,0.0,383.82
USDP,USD Partners LP,2026-07-30,2026-07-31,0,0.4658,0.4006,0.5013,0.4956,DOWN,Low,0.0,0.0
GIS,General Mills Inc.,2026-07-30,2026-07-31,0,0.4655,0.475,0.4317,0.4899,DOWN,Low,0.0,37.65
LKQ,LKQ Corporation,2026-07-30,2026-07-31,0,0.4654,0.4841,0.4394,0.4727,DOWN,Low,0.0004,26.56
RJF,Raymond James Financial,2026-07-30,2026-07-31,0,0.4651,0.4079,0.439,0.5487,DOWN,Low,0.1781,177.18
HUBB,Hubbell Incorporated,2026-07-30,2026-07-31,0,0.4649,0.4864,0.4219,0.4865,DOWN,Low,0.0,483.66
KO,Coca-Cola Company,2026-07-30,2026-07-31,0,0.4648,0.5201,0.466,0.408,DOWN,Low,0.0,88.27
GPC,Genuine Parts Company,2026-07-30,2026-07-31,0,0.4638,0.4466,0.4966,0.4481,DOWN,Low,0.0178,129.71
WAB,Westinghouse Air Brake Technologies,2026-07-30,2026-07-31,0,0.4637,0.4205,0.4727,0.4982,DOWN,Low,0.1622,305.79
NTAP,NetApp Inc.,2026-07-30,2026-07-31,0,0.4633,0.3791,0.4891,0.5219,DOWN,Low,0.0327,174.53
WST,West Pharmaceutical Services,2026-07-30,2026-07-31,0,0.4631,0.3724,0.4654,0.5519,DOWN,Low,0.4546,336.78
CSGP,CoStar Group Inc.,2026-07-30,2026-07-31,0,0.4628,0.4426,0.4805,0.4654,DOWN,Low,0.0,30.33
DRI,Darden Restaurants,2026-07-30,2026-07-31,0,0.4626,0.4525,0.4651,0.4702,DOWN,Low,-0.0004,206.98
OMC,Omnicom Group Inc.,2026-07-30,2026-07-31,0,0.4625,0.4256,0.4609,0.5011,DOWN,Low,0.0,86.22
LMT,Lockheed Martin Corporation,2026-07-30,2026-07-31,0,0.4621,0.5141,0.4226,0.4495,DOWN,Low,0.2744,581.31
CMCSA,Comcast Corporation,2026-07-30,2026-07-31,0,0.4618,0.3803,0.5073,0.4981,DOWN,Low,0.2944,24.19
COP,ConocoPhillips,2026-07-30,2026-07-31,0,0.4608,0.52,0.4303,0.432,DOWN,Low,0.1684,114.1
CVS,CVS Health Corporation,2026-07-30,2026-07-31,0,0.4607,0.4151,0.4742,0.493,DOWN,Low,0.0661,109.34
AEE,Ameren Corporation,2026-07-30,2026-07-31,0,0.4606,0.3887,0.5063,0.4871,DOWN,Low,0.1079,112.51
PTC,PTC Inc.,2026-07-30,2026-07-31,0,0.4604,0.4508,0.4859,0.4447,DOWN,Low,0.0,127.51
DOC,Healthpeak Properties,2026-07-30,2026-07-31,0,0.4601,0.4797,0.4419,0.4588,DOWN,Low,0.2371,22.82
BR,Broadridge Financial,2026-07-30,2026-07-31,0,0.4594,0.4717,0.4323,0.4744,DOWN,Low,-0.0571,158.18
EQT,EQT Corporation,2026-07-30,2026-07-31,0,0.4591,0.379,0.4928,0.5056,DOWN,Low,0.0441,51.66
CMG,Chipotle Mexican Grill,2026-07-30,2026-07-31,0,0.4587,0.5353,0.4246,0.416,DOWN,Low,0.0,33.51
ACN,Accenture plc,2026-07-30,2026-07-31,0,0.4584,0.4293,0.449,0.4969,DOWN,Low,0.0234,164.66
BAX,Baxter International,2026-07-30,2026-07-31,0,0.4568,0.4298,0.4846,0.4559,DOWN,Low,-0.3191,24.37
INVH,Invitation Homes Inc.,2026-07-30,2026-07-31,0,0.4567,0.4485,0.4365,0.485,DOWN,Low,0.0,30.05
EPAM,EPAM Systems Inc.,2026-07-30,2026-07-31,0,0.4562,0.3655,0.4912,0.512,DOWN,Low,0.0,100.4
DLR,Digital Realty Trust,2026-07-30,2026-07-31,0,0.4558,0.4578,0.4474,0.4621,DOWN,Low,0.7025,193.18
GM,General Motors Company,2026-07-30,2026-07-31,0,0.4543,0.4241,0.4423,0.4968,DOWN,Low,-0.0609,90.3
GEHC,GE HealthCare Technologies,2026-07-30,2026-07-31,0,0.4542,0.4308,0.5034,0.4285,DOWN,Low,0.0,64.11
LULU,Lululemon Athletica Inc.,2026-07-30,2026-07-31,0,0.4542,0.4684,0.4515,0.4426,DOWN,Low,-0.0418,120.32
TSN,Tyson Foods Inc.,2026-07-30,2026-07-31,0,0.4542,0.4889,0.4336,0.44,DOWN,Low,0.1785,61.18
IQV,IQVIA Holdings Inc.,2026-07-30,2026-07-31,0,0.454,0.4186,0.4413,0.5023,DOWN,Low,0.0,242.94
PPG,PPG Industries Inc.,2026-07-30,2026-07-31,0,0.4539,0.4535,0.4395,0.4688,DOWN,Low,0.0,119.01
REGN,Regeneron Pharmaceuticals,2026-07-30,2026-07-31,0,0.4537,0.3818,0.4961,0.4832,DOWN,Low,0.0,695.18
EXPE,Expedia Group Inc.,2026-07-30,2026-07-31,0,0.4532,0.4438,0.4337,0.4822,DOWN,Low,-0.0512,295.79
IP,International Paper Company,2026-07-30,2026-07-31,0,0.4531,0.4144,0.4571,0.4879,DOWN,Low,-0.0082,44.09
BSX,Boston Scientific,2026-07-30,2026-07-31,0,0.4528,0.4745,0.5011,0.3827,DOWN,Low,0.0,46.06
VLTO,Veralto Corporation,2026-07-30,2026-07-31,0,0.4525,0.4357,0.4114,0.5107,DOWN,Low,0.0089,98.47
GE,GE Aerospace,2026-07-30,2026-07-31,0,0.4523,0.4257,0.4736,0.4575,DOWN,Low,0.1606,363.59
QCOM,QUALCOMM Incorporated,2026-07-30,2026-07-31,0,0.4521,0.4412,0.4796,0.4356,DOWN,Low,0.0,162.88
TRGP,Targa Resources Corp.,2026-07-30,2026-07-31,0,0.4513,0.4674,0.3995,0.4871,DOWN,Low,-0.028,261.65
EG,Everest Group Ltd.,2026-07-30,2026-07-31,0,0.4503,0.361,0.4666,0.5237,DOWN,Low,0.257,398.7
CAG,Conagra Brands Inc.,2026-07-30,2026-07-31,0,0.4497,0.4538,0.4373,0.4581,DOWN,Low,0.4309,15.43
JKHY,Jack Henry & Associates,2026-07-30,2026-07-31,0,0.4493,0.4512,0.4598,0.437,DOWN,Low,0.317,157.43
ALL,Allstate Corporation,2026-07-30,2026-07-31,0,0.4492,0.5003,0.4869,0.36,DOWN,Low,0.3752,272.42
CAT,Caterpillar Inc.,2026-07-30,2026-07-31,0,0.4488,0.381,0.4416,0.5241,DOWN,Low,-0.8044,840.85
EFX,Equifax Inc.,2026-07-30,2026-07-31,0,0.4486,0.4797,0.413,0.453,DOWN,Low,0.4018,187.02
CRL,Charles River Laboratories,2026-07-30,2026-07-31,0,0.4481,0.3847,0.4879,0.4719,DOWN,Low,0.3779,240.43
CLX,Clorox Company,2026-07-30,2026-07-31,0,0.4478,0.4068,0.4591,0.4776,DOWN,Low,0.013,100.32
EA,Electronic Arts Inc.,2026-07-30,2026-07-31,0,0.447,0.4075,0.4926,0.4408,DOWN,Low,0.607,208.87
WTW,Willis Towers Watson,2026-07-30,2026-07-31,0,0.4469,0.4792,0.4516,0.4099,DOWN,Low,0.0,316.16
STLD,Steel Dynamics Inc.,2026-07-30,2026-07-31,0,0.4467,0.4261,0.4661,0.4481,DOWN,Low,0.4479,259.74
APTV,Aptiv PLC,2026-07-30,2026-07-31,0,0.4458,0.439,0.4567,0.4416,DOWN,Low,0.0,59.4
DPZ,Domino's Pizza Inc.,2026-07-30,2026-07-31,0,0.4457,0.3735,0.4977,0.4663,DOWN,Low,0.0367,350.47
KR,Kroger Co.,2026-07-30,2026-07-31,0,0.4454,0.5189,0.3623,0.4549,DOWN,Low,0.0001,59.19
CZR,Caesars Entertainment,2026-07-30,2026-07-31,0,0.4451,0.4385,0.4844,0.4122,DOWN,Low,0.0,29.95
AON,Aon plc,2026-07-30,2026-07-31,0,0.4442,0.4252,0.4974,0.41,DOWN,Low,0.0,381.26
POOL,Pool Corporation,2026-07-30,2026-07-31,0,0.4433,0.3981,0.3983,0.5339,DOWN,Low,-0.0431,192.16
AAPL,Apple Inc.,2026-07-30,2026-07-31,0,0.4427,0.471,0.4112,0.4459,DOWN,Low,0.2056,340.08
AZO,AutoZone Inc.,2026-07-30,2026-07-31,0,0.4415,0.3586,0.4893,0.4768,DOWN,Low,0.0142,3118.8
BKR,Baker Hughes Company,2026-07-30,2026-07-31,0,0.4409,0.3885,0.4592,0.4751,DOWN,Low,0.44,58.46
FANG,Diamondback Energy,2026-07-30,2026-07-31,0,0.4408,0.3332,0.4541,0.5353,DOWN,Low,0.6616,190.31
HAS,Hasbro Inc.,2026-07-30,2026-07-31,0,0.4405,0.5212,0.4181,0.382,DOWN,Low,0.0414,96.34
DECK,Deckers Outdoor,2026-07-30,2026-07-31,0,0.4397,0.4077,0.4396,0.4719,DOWN,Low,-0.3068,103.92
MDT,Medtronic plc,2026-07-30,2026-07-31,0,0.4394,0.4271,0.43,0.461,DOWN,Low,0.133,86.88
INTU,Intuit Inc.,2026-07-30,2026-07-31,0,0.4393,0.4031,0.4384,0.4765,DOWN,Low,0.5158,312.99
MAS,Masco Corporation,2026-07-30,2026-07-31,0,0.439,0.453,0.4687,0.3951,DOWN,Low,0.0,81.61
RVTY,Revvity Inc.,2026-07-30,2026-07-31,0,0.438,0.4041,0.4545,0.4554,DOWN,Low,0.0,111.51
CDW,CDW Corporation,2026-07-30,2026-07-31,0,0.4372,0.4265,0.447,0.4382,DOWN,Low,-0.2964,144.03
RTX,RTX Corporation,2026-07-30,2026-07-31,0,0.4372,0.4187,0.4377,0.4554,DOWN,Low,0.8582,218.58
KMI,Kinder Morgan Inc.,2026-07-30,2026-07-31,0,0.4371,0.3883,0.4244,0.4988,DOWN,Low,0.46,31.61
CINF,Cincinnati Financial,2026-07-30,2026-07-31,0,0.4362,0.4331,0.4054,0.4702,DOWN,Low,0.0353,182.63
ILMN,Illumina Inc.,2026-07-30,2026-07-31,0,0.4356,0.3456,0.5243,0.4371,DOWN,Low,-0.0362,192.98
ALB,Albemarle Corporation,2026-07-30,2026-07-31,0,0.4352,0.3644,0.4926,0.4489,DOWN,Low,0.0,113.16
AMP,Ameriprise Financial,2026-07-30,2026-07-31,0,0.4351,0.3888,0.4584,0.4582,DOWN,Low,0.5943,546.62
SNA,Snap-on Incorporated,2026-07-30,2026-07-31,0,0.4323,0.3609,0.4514,0.4849,DOWN,Low,0.3194,419.31
TGT,Target Corporation,2026-07-30,2026-07-31,0,0.4304,0.4569,0.3904,0.4438,DOWN,Low,0.0284,144.2
AMT,American Tower Corporation,2026-07-30,2026-07-31,0,0.4301,0.3667,0.4495,0.4742,DOWN,Low,0.0,171.5
HRL,Hormel Foods Corporation,2026-07-30,2026-07-31,0,0.4297,0.3651,0.4303,0.4938,DOWN,Low,-0.0015,25.56
SYK,Stryker Corporation,2026-07-30,2026-07-31,0,0.4281,0.5292,0.4007,0.3542,DOWN,Low,0.4005,346.6
ADP,Automatic Data Processing,2026-07-30,2026-07-31,0,0.4274,0.4141,0.4565,0.4115,DOWN,Low,0.0,264.17
BKNG,Booking Holdings Inc.,2026-07-30,2026-07-31,0,0.4265,0.3946,0.4745,0.4104,DOWN,Low,0.4365,199.31
BALL,Ball Corporation,2026-07-30,2026-07-31,0,0.4242,0.3637,0.4364,0.4725,DOWN,Low,-0.0446,66.89
VST,Vistra Corp.,2026-07-30,2026-07-31,0,0.4241,0.4825,0.4054,0.3843,DOWN,Low,0.0064,148.64
ADBE,Adobe Inc.,2026-07-30,2026-07-31,0,0.4222,0.3879,0.4557,0.4232,DOWN,Low,0.4488,249.18
TRV,Travelers Companies Inc.,2026-07-30,2026-07-31,0,0.4222,0.4399,0.454,0.3725,DOWN,Low,0.0,397.22
ROST,Ross Stores Inc.,2026-07-30,2026-07-31,0,0.4205,0.3947,0.4138,0.4532,DOWN,Low,-0.0327,251.03
IBM,International Business Machines,2026-07-30,2026-07-31,0,0.4192,0.3297,0.4536,0.4746,DOWN,Medium,-0.3965,227.55
IR,Ingersoll Rand Inc.,2026-07-30,2026-07-31,0,0.4185,0.3531,0.4846,0.4178,DOWN,Medium,0.9115,86.5
DG,Dollar General Corporation,2026-07-30,2026-07-31,0,0.4181,0.406,0.4087,0.4396,DOWN,Medium,-0.0016,125.97
CARR,Carrier Global Corporation,2026-07-30,2026-07-31,0,0.4174,0.3628,0.4314,0.4581,DOWN,Medium,0.0,63.16
ZBH,Zimmer Biomet Holdings,2026-07-30,2026-07-31,0,0.4159,0.399,0.4258,0.423,DOWN,Medium,0.0114,95.75
DOV,Dover Corporation,2026-07-30,2026-07-31,0,0.4143,0.3674,0.3913,0.4844,DOWN,Medium,-0.3514,203.08
PNR,Pentair plc,2026-07-30,2026-07-31,0,0.4125,0.4061,0.4358,0.3956,DOWN,Medium,0.0,66.77
TMO,Thermo Fisher Scientific,2026-07-30,2026-07-31,0,0.411,0.4625,0.4131,0.3574,DOWN,Medium,0.1226,576.41
URI,United Rentals Inc.,2026-07-30,2026-07-31,0,0.4095,0.3913,0.4519,0.3854,DOWN,Medium,0.8757,1091.26
CBRE,CBRE Group Inc.,2026-07-30,2026-07-31,0,0.4091,0.4092,0.4317,0.3864,DOWN,Medium,0.7678,147.05
HII,Huntington Ingalls Industries,2026-07-30,2026-07-31,0,0.4076,0.4695,0.3929,0.3602,DOWN,Medium,0.0,299.9
BDX,Becton Dickinson,2026-07-30,2026-07-31,0,0.405,0.4264,0.3942,0.3942,DOWN,Medium,0.0,166.34
GOOGL,Alphabet Inc.,2026-07-30,2026-07-31,0,0.4039,0.3481,0.4125,0.4514,DOWN,Medium,0.3787,333.71
MSFT,Microsoft Corporation,2026-07-30,2026-07-31,0,0.4031,0.3453,0.3955,0.4686,DOWN,Medium,0.0,393.35
T,AT&T Inc.,2026-07-30,2026-07-31,0,0.4029,0.3327,0.4579,0.4182,DOWN,Medium,0.1295,24.66
PGR,Progressive Corporation,2026-07-30,2026-07-31,0,0.4014,0.4244,0.4198,0.3599,DOWN,Medium,-0.0079,219.52
SWK,Stanley Black & Decker,2026-07-30,2026-07-31,0,0.4011,0.3289,0.4475,0.4271,DOWN,Medium,0.0,94.19
STE,Steris plc,2026-07-30,2026-07-31,0,0.4002,0.3671,0.3986,0.4349,DOWN,Medium,0.031,230.34
AAL,American Airlines Group,2026-07-30,2026-07-31,0,0.3981,0.3503,0.4019,0.4421,DOWN,Medium,0.0197,15.36
DVN,Devon Energy Corporation,2026-07-30,2026-07-31,0,0.398,0.37,0.4159,0.408,DOWN,Medium,0.0,42.66
KHC,Kraft Heinz Company,2026-07-30,2026-07-31,0,0.3969,0.2995,0.4687,0.4228,DOWN,Medium,0.0,27.3
IT,Gartner Inc.,2026-07-30,2026-07-31,0,0.3929,0.2838,0.3878,0.5073,DOWN,Medium,0.0,155.84
LW,Lamb Weston Holdings,2026-07-30,2026-07-31,0,0.3853,0.2977,0.4029,0.4555,DOWN,Medium,0.4211,54.62
WMB,Williams Companies Inc.,2026-07-30,2026-07-31,0,0.3847,0.3433,0.395,0.4161,DOWN,Medium,0.0786,70.16
MMM,3M Company,2026-07-30,2026-07-31,0,0.3822,0.381,0.3686,0.3972,DOWN,Medium,0.3998,182.48
MRNA,Moderna Inc.,2026-07-30,2026-07-31,0,0.3815,0.2357,0.4896,0.4194,DOWN,Medium,0.0,55.81
ALLE,Allegion plc,2026-07-30,2026-07-31,0,0.3796,0.362,0.3792,0.3977,DOWN,Medium,0.2598,161.23
TDG,TransDigm Group Inc.,2026-07-30,2026-07-31,0,0.3757,0.3199,0.4065,0.4007,DOWN,Medium,0.0743,1307.97
UNH,UnitedHealth Group,2026-07-30,2026-07-31,0,0.3653,0.2454,0.4445,0.4063,DOWN,Medium,0.0,428.79
NRG,NRG Energy Inc.,2026-07-30,2026-07-31,0,0.3571,0.3216,0.3692,0.3805,DOWN,Medium,-0.4304,127.56
BF-B,Brown-Forman Corporation,2026-07-30,2026-07-31,0,0.3498,0.3171,0.3729,0.3595,DOWN,High,0.0,28.9
OKE,ONEOK Inc.,2026-07-30,2026-07-31,0,0.3385,0.3201,0.2608,0.4349,DOWN,High,0.3814,88.8
DGX,Quest Diagnostics,2026-07-30,2026-07-31,0,0.3236,0.2388,0.3507,0.3816,DOWN,High,0.6018,235.94
