ticker,company,pred_date,for_date,pred_class,prob_up,lgb_prob,rf_prob,gb_prob,direction,confidence,sentiment,last_close
TSCO,Tractor Supply Company,2026-05-01,2026-05-02,1,0.6571,0.6119,0.5797,0.7799,UP,High,0.0081,34.77
CHTR,Charter Communications,2026-05-01,2026-05-02,1,0.6511,0.6852,0.6818,0.5863,UP,High,-0.7142,158.65
LMT,Lockheed Martin Corporation,2026-05-01,2026-05-02,1,0.6496,0.6424,0.6048,0.7015,UP,Medium,-0.4509,509.81
COO,Cooper Companies Inc.,2026-05-01,2026-05-02,1,0.6474,0.5991,0.6368,0.7063,UP,Medium,0.0,61.34
TER,Teradyne Inc.,2026-05-01,2026-05-02,1,0.645,0.5422,0.5245,0.8685,UP,Medium,0.6623,306.33
LH,Laboratory Corporation,2026-05-01,2026-05-02,1,0.6296,0.5657,0.6086,0.7144,UP,Medium,0.0179,257.14
RTX,RTX Corporation,2026-05-01,2026-05-02,1,0.6276,0.6139,0.6601,0.6087,UP,Medium,0.8079,172.79
ISRG,Intuitive Surgical Inc.,2026-05-01,2026-05-02,1,0.6223,0.6109,0.5764,0.6797,UP,Medium,0.93,453.83
PODD,Insulet Corporation,2026-05-01,2026-05-02,1,0.6208,0.6009,0.5618,0.6998,UP,Medium,0.0,160.02
BLK,BlackRock Inc.,2026-05-01,2026-05-02,1,0.6194,0.5645,0.5727,0.721,UP,Medium,0.0226,1039.38
FICO,Fair Isaac Corporation,2026-05-01,2026-05-02,1,0.6188,0.5748,0.5476,0.7339,UP,Medium,0.6089,1043.57
STX,Seagate Technology Holdings,2026-05-01,2026-05-02,1,0.6171,0.58,0.4699,0.8016,UP,Medium,0.3769,643.3
BSX,Boston Scientific,2026-05-01,2026-05-02,1,0.617,0.6297,0.6014,0.6198,UP,Medium,-0.6167,57.15
EQIX,Equinix Inc.,2026-05-01,2026-05-02,1,0.6168,0.6058,0.5742,0.6706,UP,Medium,0.4583,1089.07
MNST,Monster Beverage Corporation,2026-05-01,2026-05-02,1,0.6146,0.5579,0.569,0.7167,UP,Medium,0.0353,76.89
TRMB,Trimble Inc.,2026-05-01,2026-05-02,1,0.6146,0.5625,0.595,0.6862,UP,Medium,0.0182,66.28
RVTY,Revvity Inc.,2026-05-01,2026-05-02,1,0.614,0.5908,0.6004,0.6509,UP,Medium,0.8845,82.26
KEYS,Keysight Technologies,2026-05-01,2026-05-02,1,0.6123,0.5917,0.597,0.6482,UP,Medium,0.0067,335.46
GEHC,GE HealthCare Technologies,2026-05-01,2026-05-02,1,0.6118,0.6129,0.591,0.6313,UP,Medium,0.0,59.49
PNW,Pinnacle West Capital,2026-05-01,2026-05-02,1,0.6117,0.543,0.5866,0.7054,UP,Medium,0.074,101.67
LVS,Las Vegas Sands Corp.,2026-05-01,2026-05-02,1,0.6095,0.5871,0.5873,0.654,UP,Medium,0.0299,53.72
HCA,HCA Healthcare Inc.,2026-05-01,2026-05-02,1,0.6082,0.6205,0.599,0.605,UP,Medium,-0.9005,434.78
AZO,AutoZone Inc.,2026-05-01,2026-05-02,1,0.6073,0.5942,0.558,0.6698,UP,Medium,0.0773,3523.56
KMX,CarMax Inc.,2026-05-01,2026-05-02,1,0.6071,0.594,0.5513,0.6761,UP,Medium,0.0475,38.35
BKNG,Booking Holdings Inc.,2026-05-01,2026-05-02,1,0.6067,0.5677,0.5736,0.679,UP,Medium,0.1974,173.98
ED,Consolidated Edison,2026-05-01,2026-05-02,1,0.606,0.5492,0.5616,0.7073,UP,Medium,0.0429,108.88
FDX,FedEx Corporation,2026-05-01,2026-05-02,1,0.6052,0.5611,0.5321,0.7226,UP,Medium,0.2664,388.59
ES,Eversource Energy,2026-05-01,2026-05-02,1,0.6041,0.5562,0.5517,0.7044,UP,Medium,0.4054,68.72
WST,West Pharmaceutical Services,2026-05-01,2026-05-02,1,0.6028,0.5221,0.6106,0.6754,UP,Medium,0.2404,295.36
LUV,Southwest Airlines Co.,2026-05-01,2026-05-02,1,0.5998,0.5502,0.5092,0.7401,UP,Medium,0.4592,37.22
BA,Boeing Company,2026-05-01,2026-05-02,1,0.5954,0.5537,0.5842,0.6482,UP,Medium,0.121,224.11
NOC,Northrop Grumman Corporation,2026-05-01,2026-05-02,1,0.5953,0.5697,0.589,0.627,UP,Medium,-0.0021,572.41
CAT,Caterpillar Inc.,2026-05-01,2026-05-02,1,0.5949,0.5626,0.5386,0.6836,UP,Medium,0.005,810.05
DOW,Dow Inc.,2026-05-01,2026-05-02,1,0.5946,0.5482,0.5273,0.7082,UP,Medium,0.0612,39.55
META,Meta Platforms Inc.,2026-05-01,2026-05-02,1,0.5945,0.55,0.5375,0.6961,UP,Medium,0.0239,669.12
VICI,VICI Properties Inc.,2026-05-01,2026-05-02,1,0.5943,0.565,0.543,0.675,UP,Medium,0.0088,28.6
DVA,DaVita Inc.,2026-05-01,2026-05-02,1,0.5937,0.5584,0.5418,0.6808,UP,Medium,0.3604,151.99
IRM,Iron Mountain Inc.,2026-05-01,2026-05-02,1,0.5935,0.5711,0.5558,0.6536,UP,Medium,-0.0407,114.52
ABNB,Airbnb Inc.,2026-05-01,2026-05-02,1,0.5934,0.5799,0.5903,0.6099,UP,Medium,-0.0229,140.28
PEG,Public Service Enterprise Group,2026-05-01,2026-05-02,1,0.5933,0.5631,0.5534,0.6634,UP,Medium,0.3449,79.59
MCK,McKesson Corporation,2026-05-01,2026-05-02,1,0.593,0.5482,0.5776,0.6532,UP,Medium,-0.9159,822.63
HII,Huntington Ingalls Industries,2026-05-01,2026-05-02,1,0.5929,0.5848,0.5327,0.6613,UP,Medium,0.0915,362.17
FE,FirstEnergy Corp.,2026-05-01,2026-05-02,1,0.5918,0.5724,0.5398,0.6633,UP,Medium,0.0686,48.94
MRNA,Moderna Inc.,2026-05-01,2026-05-02,1,0.5908,0.5659,0.5713,0.6353,UP,Medium,-0.8882,45.72
CVX,Chevron Corporation,2026-05-01,2026-05-02,1,0.5908,0.5575,0.5807,0.6341,UP,Medium,0.0497,192.22
AEP,American Electric Power,2026-05-01,2026-05-02,1,0.5904,0.5497,0.5642,0.6575,UP,Medium,0.0718,134.44
APO,Apollo Global Management,2026-05-01,2026-05-02,1,0.5901,0.6032,0.59,0.5772,UP,Medium,-0.5895,122.28
ZBH,Zimmer Biomet Holdings,2026-05-01,2026-05-02,1,0.59,0.5781,0.5205,0.6713,UP,Medium,-0.3544,80.07
GWW,W.W. Grainger Inc.,2026-05-01,2026-05-02,1,0.5896,0.5798,0.6129,0.576,UP,Medium,0.1623,1144.81
NDSN,Nordson Corporation,2026-05-01,2026-05-02,1,0.5886,0.5603,0.5241,0.6815,UP,Medium,0.0618,280.34
CSCO,Cisco Systems Inc.,2026-05-01,2026-05-02,1,0.5883,0.5721,0.5711,0.6216,UP,Medium,-0.0037,89.57
DLR,Digital Realty Trust,2026-05-01,2026-05-02,1,0.5882,0.5822,0.5119,0.6706,UP,Medium,0.4534,194.56
AKAM,Akamai Technologies,2026-05-01,2026-05-02,1,0.5867,0.6236,0.5871,0.5493,UP,Medium,0.0,99.8
STT,State Street Corporation,2026-05-01,2026-05-02,1,0.5857,0.5851,0.5313,0.6408,UP,Medium,0.3334,150.7
NXPI,NXP Semiconductors,2026-05-01,2026-05-02,1,0.5857,0.5752,0.5063,0.6757,UP,Medium,0.4618,289.25
ROL,Rollins Inc.,2026-05-01,2026-05-02,1,0.5855,0.5474,0.5426,0.6665,UP,Medium,0.1402,55.33
PCG,PG&E Corporation,2026-05-01,2026-05-02,1,0.5854,0.5774,0.6162,0.5625,UP,Medium,0.1311,16.37
WMB,Williams Companies Inc.,2026-05-01,2026-05-02,1,0.5847,0.5433,0.5206,0.6901,UP,Medium,0.4411,73.32
CME,CME Group Inc.,2026-05-01,2026-05-02,1,0.582,0.5584,0.5367,0.6509,UP,Medium,0.1641,287.27
DRI,Darden Restaurants,2026-05-01,2026-05-02,1,0.5813,0.5541,0.5576,0.6321,UP,Medium,0.1382,196.29
XOM,Exxon Mobil Corporation,2026-05-01,2026-05-02,1,0.5813,0.5393,0.5065,0.6982,UP,Medium,0.0794,154.67
AVGO,Broadcom Inc.,2026-05-01,2026-05-02,1,0.5798,0.589,0.5352,0.6152,UP,Low,0.011,405.45
NEE,NextEra Energy Inc.,2026-05-01,2026-05-02,1,0.5796,0.5553,0.5777,0.6059,UP,Low,0.0133,94.17
CF,CF Industries Holdings,2026-05-01,2026-05-02,1,0.5795,0.5392,0.5156,0.6836,UP,Low,0.0521,126.78
NSC,Norfolk Southern Corporation,2026-05-01,2026-05-02,1,0.5794,0.5711,0.5046,0.6625,UP,Low,0.451,312.12
VMC,Vulcan Materials Company,2026-05-01,2026-05-02,1,0.579,0.537,0.4893,0.7107,UP,Low,0.0092,296.08
FTV,Fortive Corporation,2026-05-01,2026-05-02,1,0.5789,0.5609,0.5205,0.6553,UP,Low,0.0109,61.75
EXPE,Expedia Group Inc.,2026-05-01,2026-05-02,1,0.5787,0.5609,0.5197,0.6554,UP,Low,-0.01,250.57
ATO,Atmos Energy Corporation,2026-05-01,2026-05-02,1,0.5785,0.5587,0.53,0.6467,UP,Low,-0.0372,185.71
BBY,Best Buy Co. Inc.,2026-05-01,2026-05-02,1,0.5785,0.5573,0.5264,0.6519,UP,Low,0.2991,58.73
EA,Electronic Arts Inc.,2026-05-01,2026-05-02,1,0.5765,0.5458,0.5358,0.6479,UP,Low,0.8541,202.67
AMCR,Amcor plc,2026-05-01,2026-05-02,1,0.5763,0.5555,0.5311,0.6423,UP,Low,-0.9372,37.35
NTAP,NetApp Inc.,2026-05-01,2026-05-02,1,0.5761,0.5643,0.5648,0.5991,UP,Low,0.5962,108.65
LW,Lamb Weston Holdings,2026-05-01,2026-05-02,1,0.5761,0.5388,0.4892,0.7004,UP,Low,0.0329,43.03
UNP,Union Pacific Corporation,2026-05-01,2026-05-02,1,0.576,0.5385,0.5057,0.6839,UP,Low,0.1517,264.78
AOS,A. O. Smith Corporation,2026-05-01,2026-05-02,1,0.5759,0.5538,0.5803,0.5936,UP,Low,0.0,63.32
DGX,Quest Diagnostics,2026-05-01,2026-05-02,1,0.5756,0.5666,0.5469,0.6135,UP,Low,0.0901,189.32
GPN,Global Payments Inc.,2026-05-01,2026-05-02,1,0.5752,0.5461,0.5099,0.6697,UP,Low,0.1189,70.97
AEE,Ameren Corporation,2026-05-01,2026-05-02,1,0.575,0.5418,0.5288,0.6544,UP,Low,0.4255,111.29
CPAY,Corpay Inc.,2026-05-01,2026-05-02,1,0.5749,0.5743,0.5471,0.6032,UP,Low,-0.0092,306.98
NVDA,NVIDIA Corporation,2026-05-01,2026-05-02,1,0.5747,0.5764,0.5473,0.6006,UP,Low,0.0109,209.25
CINF,Cincinnati Financial,2026-05-01,2026-05-02,1,0.5742,0.5561,0.5616,0.605,UP,Low,0.626,163.22
KMB,Kimberly-Clark Corporation,2026-05-01,2026-05-02,1,0.5735,0.5567,0.5247,0.6391,UP,Low,0.2918,96.1
IFF,International Flavors & Fragrances,2026-05-01,2026-05-02,1,0.5732,0.5586,0.5167,0.6442,UP,Low,0.3284,68.89
WM,Waste Management Inc.,2026-05-01,2026-05-02,1,0.5731,0.5314,0.4774,0.7104,UP,Low,0.032,230.31
ANF,Abercrombie & Fitch,2026-05-01,2026-05-02,1,0.5718,0.5814,0.5121,0.622,UP,Low,-0.2893,84.09
VLO,Valero Energy Corporation,2026-05-01,2026-05-02,1,0.5715,0.5045,0.4942,0.7157,UP,Low,0.0438,251.3
UPS,United Parcel Service,2026-05-01,2026-05-02,1,0.5704,0.578,0.479,0.6543,UP,Low,-0.0572,106.61
EW,Edwards Lifesciences,2026-05-01,2026-05-02,1,0.5704,0.5505,0.5552,0.6055,UP,Low,0.4348,81.22
AMZN,Amazon.com Inc.,2026-05-01,2026-05-02,1,0.5703,0.5481,0.5304,0.6323,UP,Low,-0.9421,263.04
CTVA,Corteva Inc.,2026-05-01,2026-05-02,1,0.5695,0.5485,0.5181,0.6419,UP,Low,-0.0439,79.37
WAB,Westinghouse Air Brake Technologies,2026-05-01,2026-05-02,1,0.5691,0.5741,0.5594,0.5736,UP,Low,0.1581,261.37
AMT,American Tower Corporation,2026-05-01,2026-05-02,1,0.5689,0.5479,0.5084,0.6505,UP,Low,0.3266,178.19
LULU,Lululemon Athletica Inc.,2026-05-01,2026-05-02,1,0.5671,0.5609,0.5378,0.6026,UP,Low,0.012,138.16
SYK,Stryker Corporation,2026-05-01,2026-05-02,1,0.5671,0.5617,0.5768,0.5628,UP,Low,-0.132,315.13
AMGN,Amgen Inc.,2026-05-01,2026-05-02,1,0.566,0.556,0.5098,0.6323,UP,Low,0.0173,338.02
MDT,Medtronic plc,2026-05-01,2026-05-02,1,0.5658,0.5567,0.5274,0.6132,UP,Low,0.4483,79.37
PSX,Phillips 66,2026-05-01,2026-05-02,1,0.5657,0.509,0.5389,0.6491,UP,Low,0.0238,173.49
DUK,Duke Energy Corporation,2026-05-01,2026-05-02,1,0.5656,0.5553,0.5607,0.5808,UP,Low,-0.0013,126.51
SBUX,Starbucks Corporation,2026-05-01,2026-05-02,1,0.5656,0.5431,0.4526,0.7013,UP,Low,0.142,105.5
JBL,Jabil Inc.,2026-05-01,2026-05-02,1,0.565,0.5492,0.5576,0.588,UP,Low,0.4478,333.86
PPG,PPG Industries Inc.,2026-05-01,2026-05-02,1,0.565,0.5658,0.5003,0.6289,UP,Low,-0.0503,104.69
LIN,Linde plc,2026-05-01,2026-05-02,1,0.5645,0.5697,0.5316,0.5923,UP,Low,-0.0366,504.71
PLD,Prologis Inc.,2026-05-01,2026-05-02,1,0.5644,0.5685,0.5779,0.5469,UP,Low,0.4458,138.82
PCAR,PACCAR Inc.,2026-05-01,2026-05-02,1,0.5643,0.5222,0.5446,0.6262,UP,Low,-0.1671,118.14
DG,Dollar General Corporation,2026-05-01,2026-05-02,1,0.5639,0.5915,0.5974,0.5029,UP,Low,0.08,114.13
CMS,CMS Energy Corporation,2026-05-01,2026-05-02,1,0.5637,0.5477,0.5154,0.628,UP,Low,0.2951,74.73
HBAN,Huntington Bancshares,2026-05-01,2026-05-02,1,0.5627,0.5308,0.5534,0.6038,UP,Low,0.116,16.31
PHM,PulteGroup Inc.,2026-05-01,2026-05-02,1,0.5623,0.5229,0.5384,0.6257,UP,Low,-0.4725,120.71
WDC,Western Digital Corporation,2026-05-01,2026-05-02,1,0.5617,0.5411,0.529,0.615,UP,Low,0.0,412.76
CB,Chubb Limited,2026-05-01,2026-05-02,1,0.5616,0.5475,0.5248,0.6127,UP,Low,0.1226,325.75
NCLH,Norwegian Cruise Line Holdings,2026-05-01,2026-05-02,1,0.5616,0.5592,0.5227,0.6029,UP,Low,-0.4733,17.77
EQT,EQT Corporation,2026-05-01,2026-05-02,1,0.5614,0.5302,0.5339,0.62,UP,Low,0.8624,59.11
J,Jacobs Solutions Inc.,2026-05-01,2026-05-02,1,0.5611,0.5736,0.5557,0.5541,UP,Low,0.0287,125.57
HIG,Hartford Financial Services,2026-05-01,2026-05-02,1,0.5611,0.5595,0.5576,0.5663,UP,Low,-0.0619,136.64
WFC,Wells Fargo & Company,2026-05-01,2026-05-02,1,0.561,0.5555,0.5216,0.6061,UP,Low,0.1369,81.51
MSCI,MSCI Inc.,2026-05-01,2026-05-02,1,0.5609,0.5486,0.5949,0.5391,UP,Low,0.9125,598.13
EBAY,eBay Inc.,2026-05-01,2026-05-02,1,0.5609,0.5323,0.5035,0.6469,UP,Low,0.0132,103.79
CSX,CSX Corporation,2026-05-01,2026-05-02,1,0.5605,0.5647,0.4825,0.6344,UP,Low,0.4127,44.68
WY,Weyerhaeuser Company,2026-05-01,2026-05-02,1,0.5604,0.5502,0.5525,0.5785,UP,Low,-0.9572,24.25
TT,Trane Technologies plc,2026-05-01,2026-05-02,1,0.5603,0.5599,0.4791,0.6419,UP,Low,-0.0062,479.37
PEP,PepsiCo Inc.,2026-05-01,2026-05-02,1,0.5602,0.5486,0.5229,0.6092,UP,Low,0.077,155.29
GE,GE Aerospace,2026-05-01,2026-05-02,1,0.5594,0.53,0.4679,0.6804,UP,Low,0.0173,283.57
MTCH,Match Group Inc.,2026-05-01,2026-05-02,1,0.5593,0.5371,0.5023,0.6386,UP,Low,0.0473,36.97
BLDR,Builders FirstSource Inc.,2026-05-01,2026-05-02,1,0.5584,0.5563,0.4586,0.6605,UP,Low,0.0324,83.38
SJM,J.M. Smucker Company,2026-05-01,2026-05-02,1,0.5582,0.5675,0.5361,0.5711,UP,Low,0.2849,96.8
TFC,Truist Financial Corporation,2026-05-01,2026-05-02,1,0.5581,0.538,0.5123,0.624,UP,Low,0.0135,50.65
ORCL,Oracle Corporation,2026-05-01,2026-05-02,1,0.5572,0.6238,0.5498,0.4979,UP,Low,0.8398,163.83
XEL,Xcel Energy Inc.,2026-05-01,2026-05-02,1,0.5569,0.5382,0.5131,0.6192,UP,Low,0.0942,78.82
MET,MetLife Inc.,2026-05-01,2026-05-02,1,0.5569,0.5525,0.5872,0.531,UP,Low,0.0781,78.96
AON,Aon plc,2026-05-01,2026-05-02,1,0.5567,0.5639,0.53,0.5763,UP,Low,0.7315,322.49
SPG,Simon Property Group Inc.,2026-05-01,2026-05-02,1,0.5567,0.5453,0.5047,0.6201,UP,Low,-0.9462,200.09
SYF,Synchrony Financial,2026-05-01,2026-05-02,1,0.5567,0.563,0.5261,0.5809,UP,Low,-0.3136,75.12
EXPD,Expeditors International,2026-05-01,2026-05-02,1,0.5565,0.5541,0.5205,0.5951,UP,Low,0.6453,148.79
LOW,Lowe's Companies Inc.,2026-05-01,2026-05-02,1,0.5564,0.5421,0.5101,0.617,UP,Low,0.1028,233.5
CBRE,CBRE Group Inc.,2026-05-01,2026-05-02,1,0.5555,0.5311,0.587,0.5484,UP,Low,-0.9622,142.51
SO,Southern Company,2026-05-01,2026-05-02,1,0.5553,0.5223,0.5846,0.5588,UP,Low,0.0,93.51
TDG,TransDigm Group Inc.,2026-05-01,2026-05-02,1,0.5552,0.5354,0.5536,0.5766,UP,Low,-0.0083,1142.74
WRB,W. R. Berkley Corporation,2026-05-01,2026-05-02,1,0.5551,0.5621,0.499,0.6043,UP,Low,0.0385,66.95
HUBB,Hubbell Incorporated,2026-05-01,2026-05-02,1,0.5551,0.543,0.5771,0.5451,UP,Low,0.0,545.93
APTV,Aptiv PLC,2026-05-01,2026-05-02,1,0.555,0.5645,0.531,0.5696,UP,Low,-0.7533,58.33
BRO,Brown & Brown Inc.,2026-05-01,2026-05-02,1,0.5546,0.5479,0.531,0.5849,UP,Low,0.1937,61.64
DHR,Danaher Corporation,2026-05-01,2026-05-02,1,0.5545,0.5728,0.548,0.5427,UP,Low,-0.25,178.8
GIS,General Mills Inc.,2026-05-01,2026-05-02,1,0.5544,0.5391,0.5346,0.5896,UP,Low,-0.2808,34.47
CTSH,Cognizant Technology,2026-05-01,2026-05-02,1,0.5538,0.5097,0.582,0.5697,UP,Low,0.0,54.7
FANG,Diamondback Energy,2026-05-01,2026-05-02,1,0.5534,0.5251,0.5241,0.6109,UP,Low,0.5494,205.32
EXC,Exelon Corporation,2026-05-01,2026-05-02,1,0.5533,0.5476,0.5217,0.5907,UP,Low,-0.4242,47.02
STE,Steris plc,2026-05-01,2026-05-02,1,0.5533,0.5379,0.5158,0.6061,UP,Low,0.926,212.65
FOX,Fox Corporation,2026-05-01,2026-05-02,1,0.5531,0.546,0.5642,0.5491,UP,Low,-0.0121,56.62
CPB,Campbell Soup Company,2026-05-01,2026-05-02,1,0.5528,0.5377,0.5583,0.5622,UP,Low,0.0,20.45
UDR,United Dominion Realty Trust,2026-05-01,2026-05-02,1,0.5526,0.5504,0.5593,0.5481,UP,Low,0.0226,36.16
ECL,Ecolab Inc.,2026-05-01,2026-05-02,1,0.5526,0.5456,0.5137,0.5985,UP,Low,-0.0065,256.61
NKE,NIKE Inc.,2026-05-01,2026-05-02,1,0.5524,0.5592,0.5273,0.5707,UP,Low,-0.2749,44.39
INCY,Incyte Corporation,2026-05-01,2026-05-02,1,0.5522,0.5061,0.4996,0.6508,UP,Low,0.0957,99.1
PPL,PPL Corporation,2026-05-01,2026-05-02,1,0.5516,0.5291,0.4949,0.6309,UP,Low,0.3749,38.66
COF,Capital One Financial,2026-05-01,2026-05-02,1,0.551,0.5708,0.5286,0.5535,UP,Low,-0.0947,190.84
TEL,TE Connectivity Ltd.,2026-05-01,2026-05-02,1,0.5509,0.5431,0.5289,0.5806,UP,Low,-0.0739,205.25
EXR,Extra Space Storage,2026-05-01,2026-05-02,1,0.5508,0.5521,0.5023,0.598,UP,Low,0.3341,140.53
LYV,Live Nation Entertainment,2026-05-01,2026-05-02,1,0.5504,0.5349,0.4807,0.6357,UP,Low,0.1042,153.13
IP,International Paper Company,2026-05-01,2026-05-02,1,0.5503,0.5614,0.5519,0.5376,UP,Low,0.0139,33.58
JCI,Johnson Controls International,2026-05-01,2026-05-02,1,0.5503,0.5597,0.5333,0.5579,UP,Low,-0.0006,141.35
YUM,Yum! Brands Inc.,2026-05-01,2026-05-02,1,0.5502,0.5199,0.5118,0.6188,UP,Low,0.0322,159.84
CMI,Cummins Inc.,2026-05-01,2026-05-02,1,0.5501,0.5623,0.5034,0.5846,UP,Low,0.402,638.95
GPC,Genuine Parts Company,2026-05-01,2026-05-02,1,0.5501,0.5291,0.5432,0.5778,UP,Low,-0.0076,103.28
MAS,Masco Corporation,2026-05-01,2026-05-02,1,0.5499,0.5098,0.4805,0.6594,UP,Low,0.5791,71.26
CE,Celanese Corporation,2026-05-01,2026-05-02,1,0.5498,0.5411,0.5196,0.5888,UP,Low,-0.0066,65.09
IT,Gartner Inc.,2026-05-01,2026-05-02,1,0.5496,0.5603,0.5303,0.5582,UP,Low,-0.0026,150.23
APH,Amphenol Corporation,2026-05-01,2026-05-02,1,0.549,0.5206,0.5713,0.5552,UP,Low,0.0,148.38
TMO,Thermo Fisher Scientific,2026-05-01,2026-05-02,1,0.5488,0.5005,0.5183,0.6277,UP,Low,-0.6538,466.26
AVY,Avery Dennison Corporation,2026-05-01,2026-05-02,1,0.5485,0.5342,0.5016,0.6098,UP,Low,0.1757,162.95
MKTX,MarketAxess Holdings,2026-05-01,2026-05-02,1,0.5483,0.5689,0.5134,0.5625,UP,Low,-0.0075,160.77
IDXX,IDEXX Laboratories,2026-05-01,2026-05-02,1,0.5481,0.5614,0.513,0.57,UP,Low,0.3,553.66
TECH,Bio-Techne Corporation,2026-05-01,2026-05-02,1,0.5478,0.5165,0.5263,0.6005,UP,Low,0.0,51.95
SCHW,Charles Schwab Corporation,2026-05-01,2026-05-02,1,0.5475,0.575,0.5631,0.5044,UP,Low,0.1977,91.16
WAT,Waters Corporation,2026-05-01,2026-05-02,1,0.5475,0.5448,0.4655,0.6321,UP,Low,-0.0023,292.13
PG,Procter & Gamble,2026-05-01,2026-05-02,1,0.5472,0.5253,0.4396,0.6769,UP,Low,0.8992,146.46
PTC,PTC Inc.,2026-05-01,2026-05-02,1,0.5471,0.5848,0.5633,0.4931,UP,Low,0.1646,137.5
IQV,IQVIA Holdings Inc.,2026-05-01,2026-05-02,1,0.5468,0.5342,0.544,0.5623,UP,Low,-0.3416,156.66
KO,Coca-Cola Company,2026-05-01,2026-05-02,1,0.5468,0.5219,0.5411,0.5773,UP,Low,0.2472,78.87
VRTX,Vertex Pharmaceuticals,2026-05-01,2026-05-02,1,0.5465,0.5452,0.5314,0.5629,UP,Low,0.5124,423.24
WELL,Welltower Inc.,2026-05-01,2026-05-02,1,0.5465,0.5272,0.495,0.6174,UP,Low,0.4942,212.09
TDY,Teledyne Technologies,2026-05-01,2026-05-02,1,0.5463,0.5532,0.5266,0.5591,UP,Low,0.0499,630.56
GM,General Motors Company,2026-05-01,2026-05-02,1,0.5463,0.5361,0.5446,0.5582,UP,Low,0.0,76.62
HD,Home Depot Inc.,2026-05-01,2026-05-02,1,0.5461,0.5569,0.4826,0.5991,UP,Low,-0.7994,322.81
WEC,WEC Energy Group Inc.,2026-05-01,2026-05-02,1,0.5461,0.5493,0.512,0.577,UP,Low,-0.0005,114.51
GL,Globe Life Inc.,2026-05-01,2026-05-02,1,0.5458,0.5481,0.4986,0.5908,UP,Low,-0.2109,152.54
RMD,ResMed Inc.,2026-05-01,2026-05-02,1,0.5456,0.5245,0.5173,0.5949,UP,Low,0.0,211.93
BWA,BorgWarner Inc.,2026-05-01,2026-05-02,1,0.5453,0.564,0.5257,0.5461,UP,Low,-0.0185,54.21
PM,Philip Morris International,2026-05-01,2026-05-02,1,0.5451,0.6151,0.5503,0.4699,UP,Low,0.0913,162.71
AAPL,Apple Inc.,2026-05-01,2026-05-02,1,0.5442,0.5322,0.5466,0.5537,UP,Low,0.0,270.17
STLD,Steel Dynamics Inc.,2026-05-01,2026-05-02,1,0.5441,0.5126,0.4198,0.7,UP,Low,0.8734,224.37
TXN,Texas Instruments,2026-05-01,2026-05-02,1,0.544,0.4823,0.4794,0.6704,UP,Low,0.4582,269.22
AIZ,Assurant Inc.,2026-05-01,2026-05-02,1,0.544,0.533,0.5354,0.5637,UP,Low,0.0,232.7
KKR,KKR & Co. Inc.,2026-05-01,2026-05-02,1,0.5435,0.5356,0.5123,0.5825,UP,Low,0.1958,99.32
JPM,JPMorgan Chase & Co.,2026-05-01,2026-05-02,1,0.5433,0.552,0.5354,0.5426,UP,Low,-0.0076,309.25
EMR,Emerson Electric Co.,2026-05-01,2026-05-02,1,0.543,0.5351,0.526,0.5679,UP,Low,0.0,136.56
LYB,LyondellBasell Industries,2026-05-01,2026-05-02,1,0.543,0.5437,0.5401,0.5453,UP,Low,0.0,73.29
VTRS,Viatris Inc.,2026-05-01,2026-05-02,1,0.5429,0.5382,0.5197,0.5708,UP,Low,0.4065,14.97
JNJ,Johnson & Johnson,2026-05-01,2026-05-02,1,0.5429,0.5234,0.5732,0.5321,UP,Low,0.0,227.35
BIIB,Biogen Inc.,2026-05-01,2026-05-02,1,0.5428,0.527,0.5581,0.5433,UP,Low,0.0,194.38
DDOG,Datadog Inc.,2026-05-01,2026-05-02,1,0.5428,0.4871,0.5247,0.6165,UP,Low,0.1972,133.98
HWM,Howmet Aerospace Inc.,2026-05-01,2026-05-02,1,0.5428,0.5393,0.4988,0.5903,UP,Low,-0.9505,236.52
ROP,Roper Technologies Inc.,2026-05-01,2026-05-02,1,0.5424,0.533,0.5249,0.5693,UP,Low,0.1847,355.97
VZ,Verizon Communications,2026-05-01,2026-05-02,1,0.5424,0.5171,0.4513,0.6591,UP,Low,0.5476,46.61
FIS,Fidelity National Information,2026-05-01,2026-05-02,1,0.5422,0.5586,0.5192,0.5489,UP,Low,-0.7789,46.22
PSA,Public Storage,2026-05-01,2026-05-02,1,0.5421,0.5433,0.526,0.5571,UP,Low,-0.0178,294.09
NVR,NVR Inc.,2026-05-01,2026-05-02,1,0.5416,0.5274,0.4783,0.6191,UP,Low,0.4124,6207.5
CSGP,CoStar Group Inc.,2026-05-01,2026-05-02,1,0.5415,0.5694,0.5255,0.5295,UP,Low,-0.0102,34.14
JBHT,J.B. Hunt Transport Services,2026-05-01,2026-05-02,1,0.541,0.5369,0.5259,0.5603,UP,Low,0.9262,246.31
RL,Ralph Lauren Corporation,2026-05-01,2026-05-02,1,0.541,0.5348,0.4877,0.6005,UP,Low,0.3076,359.45
FFIV,F5 Inc.,2026-05-01,2026-05-02,1,0.5408,0.5221,0.5362,0.5642,UP,Low,0.9036,328.15
QRVO,Qorvo Inc.,2026-05-01,2026-05-02,1,0.5404,0.5312,0.509,0.5811,UP,Low,-0.5862,86.48
DXCM,DexCom Inc.,2026-05-01,2026-05-02,1,0.5402,0.5427,0.509,0.5689,UP,Low,0.0,57.56
NUE,Nucor Corporation,2026-05-01,2026-05-02,1,0.5396,0.4862,0.5026,0.6301,UP,Low,0.5957,222.39
ADP,Automatic Data Processing,2026-05-01,2026-05-02,1,0.5393,0.5125,0.498,0.6075,UP,Low,0.0268,215.06
SPGI,S&P Global Inc.,2026-05-01,2026-05-02,1,0.5389,0.5813,0.5663,0.469,UP,Low,-0.0023,433.19
NI,NiSource Inc.,2026-05-01,2026-05-02,1,0.5387,0.5279,0.5588,0.5293,UP,Low,-0.9302,47.88
FOXA,Fox Corporation,2026-05-01,2026-05-02,1,0.5386,0.5566,0.5597,0.4994,UP,Low,-0.0126,62.94
ITT,ITT Inc.,2026-05-01,2026-05-02,1,0.5386,0.5331,0.5353,0.5474,UP,Low,0.0,212.3
WMT,Walmart Inc.,2026-05-01,2026-05-02,1,0.5385,0.541,0.4605,0.6143,UP,Low,-0.0084,128.01
CMCSA,Comcast Corporation,2026-05-01,2026-05-02,1,0.5382,0.4692,0.4996,0.6459,UP,Low,0.1025,26.76
BK,Bank of New York Mellon,2026-05-01,2026-05-02,1,0.5379,0.5594,0.5175,0.5368,UP,Low,0.0326,132.27
TSLA,Tesla Inc.,2026-05-01,2026-05-02,1,0.5377,0.5222,0.5452,0.5456,UP,Low,-0.2481,372.8
HLT,Hilton Worldwide Holdings,2026-05-01,2026-05-02,1,0.5375,0.5256,0.51,0.577,UP,Low,0.3851,314.5
DOV,Dover Corporation,2026-05-01,2026-05-02,1,0.5373,0.5391,0.4854,0.5873,UP,Low,0.5611,222.25
IVZ,Invesco Ltd.,2026-05-01,2026-05-02,1,0.5372,0.5523,0.4774,0.582,UP,Low,-0.6239,25.64
MAR,Marriott International,2026-05-01,2026-05-02,1,0.5366,0.5543,0.4613,0.5944,UP,Low,-0.9476,353.95
MCHP,Microchip Technology,2026-05-01,2026-05-02,1,0.5365,0.5156,0.5295,0.5644,UP,Low,0.6196,90.17
PYPL,PayPal Holdings Inc.,2026-05-01,2026-05-02,1,0.5363,0.5226,0.5407,0.5455,UP,Low,0.0,50.94
CCI,Crown Castle Inc.,2026-05-01,2026-05-02,1,0.5358,0.5418,0.516,0.5496,UP,Low,0.0919,85.87
PNC,PNC Financial Services,2026-05-01,2026-05-02,1,0.5357,0.5322,0.5013,0.5736,UP,Low,0.9324,218.71
CFG,Citizens Financial Group,2026-05-01,2026-05-02,1,0.5353,0.5442,0.4841,0.5777,UP,Low,0.0091,63.94
FAST,Fastenal Company,2026-05-01,2026-05-02,1,0.5353,0.525,0.5033,0.5777,UP,Low,-0.1569,43.71
BALL,Ball Corporation,2026-05-01,2026-05-02,1,0.535,0.5236,0.5531,0.5283,UP,Low,0.0,60.29
TROW,T. Rowe Price Group,2026-05-01,2026-05-02,1,0.5346,0.5019,0.566,0.5359,UP,Low,0.0,100.47
PWR,Quanta Services Inc.,2026-05-01,2026-05-02,1,0.5341,0.5456,0.5035,0.5533,UP,Low,0.0007,628.6
DEI,Douglas Emmett Inc.,2026-05-01,2026-05-02,1,0.5339,0.5251,0.5059,0.5708,UP,Low,-0.1931,10.76
MTB,M&T Bank Corporation,2026-05-01,2026-05-02,1,0.5337,0.5343,0.508,0.5588,UP,Low,0.4736,215.54
DPZ,Domino's Pizza Inc.,2026-05-01,2026-05-02,1,0.5336,0.5459,0.5087,0.5463,UP,Low,-0.3387,332.31
CNP,CenterPoint Energy,2026-05-01,2026-05-02,1,0.5333,0.541,0.4991,0.56,UP,Low,-0.0077,42.82
TGT,Target Corporation,2026-05-01,2026-05-02,1,0.5331,0.5625,0.5507,0.4862,UP,Low,0.0012,127.87
ROK,Rockwell Automation,2026-05-01,2026-05-02,1,0.533,0.5544,0.504,0.5408,UP,Low,0.0279,400.2
CPRT,Copart Inc.,2026-05-01,2026-05-02,1,0.533,0.5548,0.5335,0.5108,UP,Low,-0.4461,33.33
VTR,Ventas Inc.,2026-05-01,2026-05-02,1,0.5329,0.5181,0.5165,0.5641,UP,Low,0.4896,87.37
TRGP,Targa Resources Corp.,2026-05-01,2026-05-02,1,0.5329,0.548,0.5066,0.5443,UP,Low,0.9162,248.89
WBD,Warner Bros. Discovery,2026-05-01,2026-05-02,1,0.5324,0.4974,0.5332,0.5666,UP,Low,0.0,27.05
VLTO,Veralto Corporation,2026-05-01,2026-05-02,1,0.5324,0.5273,0.5152,0.5545,UP,Low,0.3649,89.47
HPE,Hewlett Packard Enterprise,2026-05-01,2026-05-02,1,0.5323,0.5358,0.5195,0.5416,UP,Low,0.0031,28.3
ADI,Analog Devices Inc.,2026-05-01,2026-05-02,1,0.5321,0.5047,0.4914,0.6002,UP,Low,0.2169,389.31
MLM,Martin Marietta Materials,2026-05-01,2026-05-02,1,0.5321,0.5307,0.511,0.5546,UP,Low,0.0,612.85
LHX,L3Harris Technologies,2026-05-01,2026-05-02,1,0.5319,0.5304,0.5608,0.5044,UP,Low,0.0,321.4
DIS,The Walt Disney Company,2026-05-01,2026-05-02,1,0.5319,0.5325,0.5164,0.5467,UP,Low,0.0,101.3
GOOGL,Alphabet Inc.,2026-05-01,2026-05-02,1,0.5316,0.5341,0.4706,0.5901,UP,Low,0.0133,349.94
BDX,Becton Dickinson,2026-05-01,2026-05-02,1,0.5313,0.5331,0.5172,0.5438,UP,Low,-0.017,145.31
DLTR,Dollar Tree Inc.,2026-05-01,2026-05-02,1,0.5308,0.5081,0.478,0.6064,UP,Low,0.0066,95.7
AXP,American Express Company,2026-05-01,2026-05-02,1,0.5308,0.5755,0.4859,0.5311,UP,Low,0.8989,315.65
CAH,Cardinal Health Inc.,2026-05-01,2026-05-02,1,0.5305,0.5384,0.5566,0.4965,UP,Low,0.0,202.82
CBOE,Cboe Global Markets,2026-05-01,2026-05-02,1,0.5301,0.5067,0.5266,0.5569,UP,Low,0.0,305.6
IR,Ingersoll Rand Inc.,2026-05-01,2026-05-02,1,0.53,0.5182,0.4688,0.603,UP,Low,0.916,77.46
SYY,Sysco Corporation,2026-05-01,2026-05-02,1,0.53,0.5275,0.5258,0.5366,UP,Low,-0.2899,73.97
GEV,GE Vernova Inc.,2026-05-01,2026-05-02,1,0.5297,0.5451,0.5063,0.5377,UP,Low,-0.0257,1063.11
MU,Micron Technology Inc.,2026-05-01,2026-05-02,1,0.5289,0.4924,0.5264,0.5678,UP,Low,0.0373,518.46
EIX,Edison International,2026-05-01,2026-05-02,1,0.5289,0.5218,0.5346,0.5301,UP,Low,0.0,67.94
EMN,Eastman Chemical Company,2026-05-01,2026-05-02,1,0.5286,0.5146,0.5647,0.5066,UP,Low,0.0,70.42
LNT,Alliant Energy Corporation,2026-05-01,2026-05-02,1,0.5284,0.5161,0.5305,0.5387,UP,Low,0.0,71.46
CARR,Carrier Global Corporation,2026-05-01,2026-05-02,1,0.5284,0.5282,0.5163,0.5406,UP,Low,0.0,61.74
LRCX,Lam Research Corporation,2026-05-01,2026-05-02,1,0.5282,0.4949,0.5319,0.5576,UP,Low,0.5222,248.75
NTRS,Northern Trust Corporation,2026-05-01,2026-05-02,1,0.528,0.5394,0.512,0.5326,UP,Low,0.0,164.83
T,AT&T Inc.,2026-05-01,2026-05-02,1,0.5275,0.5362,0.4805,0.566,UP,Low,0.6008,25.75
SNA,Snap-on Incorporated,2026-05-01,2026-05-02,1,0.5273,0.5516,0.5371,0.4931,UP,Low,0.036,378.46
OKE,ONEOK Inc.,2026-05-01,2026-05-02,1,0.5272,0.5397,0.473,0.5688,UP,Low,0.6811,89.32
RJF,Raymond James Financial,2026-05-01,2026-05-02,1,0.5271,0.5516,0.5074,0.5224,UP,Low,0.2006,155.58
AFL,Aflac Inc.,2026-05-01,2026-05-02,1,0.5268,0.5021,0.5593,0.5191,UP,Low,0.0,116.21
NDAQ,Nasdaq Inc.,2026-05-01,2026-05-02,1,0.5267,0.5585,0.5386,0.483,UP,Low,0.464,91.27
KHC,Kraft Heinz Company,2026-05-01,2026-05-02,1,0.5265,0.5293,0.5079,0.5424,UP,Low,0.0476,22.42
AJG,Arthur J. Gallagher & Co.,2026-05-01,2026-05-02,1,0.5265,0.5113,0.5251,0.5433,UP,Low,0.0,211.81
ODFL,Old Dominion Freight Line,2026-05-01,2026-05-02,1,0.5263,0.4975,0.4933,0.5881,UP,Low,0.0037,209.35
RF,Regions Financial Corporation,2026-05-01,2026-05-02,1,0.5262,0.5219,0.512,0.5447,UP,Low,0.3155,28.01
DHI,D.R. Horton Inc.,2026-05-01,2026-05-02,1,0.5262,0.546,0.5734,0.4592,UP,Low,0.0,151.65
HUM,Humana Inc.,2026-05-01,2026-05-02,1,0.5261,0.5418,0.5617,0.4747,UP,Low,0.9156,243.12
CRL,Charles River Laboratories,2026-05-01,2026-05-02,1,0.5261,0.5066,0.4634,0.6083,UP,Low,0.4443,163.84
PFG,Principal Financial Group,2026-05-01,2026-05-02,1,0.5261,0.5462,0.4968,0.5354,UP,Low,-0.3757,99.63
EFX,Equifax Inc.,2026-05-01,2026-05-02,1,0.5257,0.5181,0.4977,0.5612,UP,Low,0.039,172.56
ZBRA,Zebra Technologies Corporation,2026-05-01,2026-05-02,1,0.5255,0.5662,0.5004,0.5098,UP,Low,0.0157,215.54
DOC,Healthpeak Properties,2026-05-01,2026-05-02,1,0.5254,0.4969,0.5539,0.5255,UP,Low,0.0,15.99
RSG,Republic Services Inc.,2026-05-01,2026-05-02,1,0.5253,0.5377,0.5091,0.5291,UP,Low,0.0,208.31
AME,AMETEK Inc.,2026-05-01,2026-05-02,1,0.5252,0.515,0.5379,0.5226,UP,Low,0.0,227.87
MCO,Moody's Corporation,2026-05-01,2026-05-02,1,0.5245,0.5314,0.5171,0.525,UP,Low,0.0205,460.11
V,Visa Inc.,2026-05-01,2026-05-02,1,0.5245,0.5288,0.4539,0.591,UP,Low,0.6372,334.86
BAC,Bank of America Corp,2026-05-01,2026-05-02,1,0.5241,0.5454,0.587,0.4398,UP,Low,0.0267,52.88
DECK,Deckers Outdoor,2026-05-01,2026-05-02,1,0.5241,0.5141,0.488,0.5703,UP,Low,0.0984,101.34
JKHY,Jack Henry & Associates,2026-05-01,2026-05-02,1,0.5238,0.5559,0.5348,0.4807,UP,Low,0.0192,153.75
BRK-B,Berkshire Hathaway Inc.,2026-05-01,2026-05-02,1,0.5236,0.5416,0.5129,0.5163,UP,Low,0.0405,475.38
ABT,Abbott Laboratories,2026-05-01,2026-05-02,1,0.5234,0.563,0.4957,0.5117,UP,Low,0.0139,91.33
EOG,EOG Resources Inc.,2026-05-01,2026-05-02,1,0.523,0.51,0.4953,0.5637,UP,Low,0.2167,139.12
ESS,Essex Property Trust,2026-05-01,2026-05-02,1,0.5228,0.5395,0.5157,0.5132,UP,Low,0.3812,264.92
LDOS,Leidos Holdings Inc.,2026-05-01,2026-05-02,1,0.5222,0.5565,0.5395,0.4707,UP,Low,-0.5586,145.91
INVH,Invitation Homes Inc.,2026-05-01,2026-05-02,1,0.522,0.5169,0.5327,0.5165,UP,Low,-0.3238,28.07
BBWI,Bath & Body Works Inc.,2026-05-01,2026-05-02,1,0.5219,0.5125,0.4911,0.5623,UP,Low,-0.008,18.33
ARE,Alexandria Real Estate,2026-05-01,2026-05-02,1,0.5218,0.515,0.481,0.5693,UP,Low,0.0125,41.05
AIG,American International Group,2026-05-01,2026-05-02,1,0.5212,0.502,0.5305,0.5309,UP,Low,0.0,73.79
C,Citigroup Inc.,2026-05-01,2026-05-02,1,0.5209,0.5376,0.512,0.5132,UP,Low,0.0148,127.61
MSFT,Microsoft Corporation,2026-05-01,2026-05-02,1,0.5208,0.5325,0.5341,0.4957,UP,Low,-0.0037,424.46
COR,Cencora Inc.,2026-05-01,2026-05-02,1,0.5207,0.5556,0.5097,0.4967,UP,Low,0.012,311.43
CRM,Salesforce Inc.,2026-05-01,2026-05-02,1,0.5206,0.523,0.4602,0.5786,UP,Low,0.0463,181.22
SBAC,SBA Communications,2026-05-01,2026-05-02,1,0.5205,0.5086,0.4848,0.5681,UP,Low,0.0,215.97
MOS,Mosaic Company,2026-05-01,2026-05-02,1,0.52,0.4967,0.5377,0.5256,UP,Low,0.0,23.03
D,Dominion Energy Inc.,2026-05-01,2026-05-02,1,0.5199,0.5186,0.5159,0.525,UP,Low,0.0,62.5
GEN,Gen Digital Inc.,2026-05-01,2026-05-02,1,0.5195,0.5112,0.5158,0.5315,UP,Low,-0.059,19.14
MHK,Mohawk Industries Inc.,2026-05-01,2026-05-02,1,0.5194,0.5035,0.509,0.5457,UP,Low,0.0,102.89
ETN,Eaton Corporation plc,2026-05-01,2026-05-02,1,0.519,0.5059,0.5122,0.5389,UP,Low,0.0,410.77
HST,Host Hotels & Resorts,2026-05-01,2026-05-02,1,0.5189,0.5548,0.4385,0.5635,UP,Low,0.0088,21.06
INTC,Intel Corporation,2026-05-01,2026-05-02,1,0.5186,0.5596,0.532,0.4641,UP,Low,-0.4136,94.75
MTD,Mettler-Toledo International,2026-05-01,2026-05-02,1,0.5184,0.4974,0.5415,0.5163,UP,Low,0.0,1240.15
PAYX,Paychex Inc.,2026-05-01,2026-05-02,1,0.5183,0.5241,0.5256,0.5054,UP,Low,-0.1584,94.05
FMC,FMC Corporation,2026-05-01,2026-05-02,1,0.5179,0.5419,0.4694,0.5424,UP,Low,0.0,14.65
KIM,Kimco Realty Corporation,2026-05-01,2026-05-02,1,0.5179,0.5266,0.4772,0.55,UP,Low,0.0665,23.64
GRMN,Garmin Ltd.,2026-05-01,2026-05-02,1,0.5179,0.5373,0.5076,0.509,UP,Low,-0.008,253.08
TSN,Tyson Foods Inc.,2026-05-01,2026-05-02,1,0.5177,0.5225,0.4892,0.5416,UP,Low,0.0,63.58
EVRG,Evergy Inc.,2026-05-01,2026-05-02,1,0.5176,0.5434,0.5546,0.4547,UP,Low,-0.3571,81.33
POOL,Pool Corporation,2026-05-01,2026-05-02,1,0.5171,0.512,0.507,0.5323,UP,Low,0.4748,209.61
TRV,Travelers Companies Inc.,2026-05-01,2026-05-02,1,0.5167,0.5271,0.477,0.5461,UP,Low,0.268,302.25
NRG,NRG Energy Inc.,2026-05-01,2026-05-02,1,0.516,0.5132,0.4709,0.5638,UP,Low,0.1718,149.01
OTIS,Otis Worldwide Corporation,2026-05-01,2026-05-02,1,0.5152,0.5345,0.4848,0.5264,UP,Low,0.0039,76.6
O,Realty Income Corporation,2026-05-01,2026-05-02,1,0.5149,0.5171,0.5006,0.527,UP,Low,0.0,63.02
CPT,Camden Property Trust,2026-05-01,2026-05-02,1,0.5148,0.4948,0.5236,0.5258,UP,Low,0.0,105.32
KVUE,Kenvue Inc.,2026-05-01,2026-05-02,1,0.5148,0.5274,0.5336,0.4835,UP,Low,-0.9045,17.23
GILD,Gilead Sciences Inc.,2026-05-01,2026-05-02,1,0.5147,0.4998,0.5359,0.5083,UP,Low,0.0,128.84
TTWO,Take-Two Interactive,2026-05-01,2026-05-02,1,0.5145,0.5305,0.4847,0.5283,UP,Low,0.1664,215.34
CHD,Church & Dwight Co.,2026-05-01,2026-05-02,1,0.5141,0.5001,0.5366,0.5056,UP,Low,0.0,96.2
SNPS,Synopsys Inc.,2026-05-01,2026-05-02,1,0.5138,0.5509,0.4971,0.4933,UP,Low,-0.0164,481.22
BR,Broadridge Financial,2026-05-01,2026-05-02,1,0.5134,0.4975,0.5361,0.5067,UP,Low,0.0,160.75
HAS,Hasbro Inc.,2026-05-01,2026-05-02,1,0.5131,0.5203,0.4839,0.5351,UP,Low,0.0375,94.02
STZ,Constellation Brands Inc.,2026-05-01,2026-05-02,1,0.5127,0.4993,0.4801,0.5586,UP,Low,0.0444,150.4
NWS,News Corp,2026-05-01,2026-05-02,1,0.5125,0.5272,0.4964,0.514,UP,Low,-0.0315,30.25
HON,Honeywell International,2026-05-01,2026-05-02,1,0.5123,0.5103,0.4723,0.5543,UP,Low,-0.4858,210.3
CHRW,C.H. Robinson Worldwide,2026-05-01,2026-05-02,1,0.5122,0.4953,0.5157,0.5256,UP,Low,0.0,186.43
HSY,Hershey Company,2026-05-01,2026-05-02,1,0.5115,0.5007,0.502,0.5319,UP,Low,0.0,189.16
TXT,Textron Inc.,2026-05-01,2026-05-02,1,0.5115,0.5173,0.505,0.5121,UP,Low,0.3986,89.78
AWK,American Water Works,2026-05-01,2026-05-02,1,0.5114,0.5031,0.56,0.4711,UP,Low,0.0,131.97
EQR,Equity Residential,2026-05-01,2026-05-02,1,0.5113,0.4945,0.4651,0.5743,UP,Low,-0.1945,65.43
MRK,Merck & Co. Inc.,2026-05-01,2026-05-02,1,0.5112,0.521,0.455,0.5577,UP,Low,-0.0045,110.95
DE,Deere & Company,2026-05-01,2026-05-02,1,0.5112,0.5249,0.4743,0.5345,UP,Low,0.2838,560.02
PH,Parker-Hannifin Corporation,2026-05-01,2026-05-02,1,0.5111,0.4888,0.5215,0.523,UP,Low,0.0,947.5
DTE,DTE Energy Company,2026-05-01,2026-05-02,1,0.5107,0.4985,0.5055,0.5279,UP,Low,0.0,147.03
LLY,Eli Lilly and Company,2026-05-01,2026-05-02,1,0.5104,0.4946,0.5228,0.5137,UP,Low,0.0,851.21
ENPH,Enphase Energy Inc.,2026-05-01,2026-05-02,1,0.5101,0.5433,0.4934,0.4935,UP,Low,-0.5044,31.19
DD,DuPont de Nemours,2026-05-01,2026-05-02,1,0.51,0.5101,0.4834,0.5366,UP,Low,0.1924,44.62
BMY,Bristol-Myers Squibb,2026-05-01,2026-05-02,1,0.5097,0.4948,0.5295,0.5047,UP,Low,0.0,57.59
EL,Estee Lauder Companies,2026-05-01,2026-05-02,1,0.5097,0.512,0.4983,0.5188,UP,Low,0.0,75.69
KR,Kroger Co.,2026-05-01,2026-05-02,1,0.5093,0.533,0.4637,0.5311,UP,Low,0.3893,67.1
CTAS,Cintas Corporation,2026-05-01,2026-05-02,1,0.5092,0.5217,0.4978,0.5081,UP,Low,0.6996,173.95
AES,AES Corporation,2026-05-01,2026-05-02,1,0.5091,0.5041,0.5108,0.5123,UP,Low,0.0,14.45
MSI,Motorola Solutions Inc.,2026-05-01,2026-05-02,1,0.509,0.5322,0.4576,0.5373,UP,Low,-0.0024,429.23
DAL,Delta Air Lines Inc.,2026-05-01,2026-05-02,1,0.509,0.5148,0.5213,0.491,UP,Low,0.015,66.27
ETR,Entergy Corporation,2026-05-01,2026-05-02,1,0.5084,0.4857,0.5357,0.5036,UP,Low,0.0,114.67
WTW,Willis Towers Watson,2026-05-01,2026-05-02,1,0.5079,0.5361,0.4989,0.4889,UP,Low,0.0023,290.11
HRL,Hormel Foods Corporation,2026-05-01,2026-05-02,1,0.5077,0.4996,0.5129,0.5105,UP,Low,0.0,20.86
COST,Costco Wholesale,2026-05-01,2026-05-02,1,0.5071,0.5091,0.4821,0.5302,UP,Low,0.0,998.67
CAG,Conagra Brands Inc.,2026-05-01,2026-05-02,1,0.5069,0.5212,0.4642,0.5353,UP,Low,0.0,13.88
SRE,Sempra Energy,2026-05-01,2026-05-02,1,0.5069,0.4902,0.5295,0.5011,UP,Low,0.0,92.64
ADBE,Adobe Inc.,2026-05-01,2026-05-02,1,0.5065,0.5515,0.5451,0.4231,UP,Low,-0.8556,243.57
CL,Colgate-Palmolive,2026-05-01,2026-05-02,1,0.5064,0.5088,0.499,0.5115,UP,Low,0.0,84.49
BKR,Baker Hughes Company,2026-05-01,2026-05-02,1,0.5064,0.4539,0.4262,0.6392,UP,Low,0.6225,68.81
OMC,Omnicom Group Inc.,2026-05-01,2026-05-02,1,0.5061,0.5429,0.5141,0.4612,UP,Low,0.0516,76.19
ACN,Accenture plc,2026-05-01,2026-05-02,1,0.5055,0.5101,0.503,0.5034,UP,Low,0.0,180.26
SHW,Sherwin-Williams Company,2026-05-01,2026-05-02,1,0.5046,0.5201,0.4492,0.5446,UP,Low,0.045,317.85
REG,Regency Centers Corporation,2026-05-01,2026-05-02,1,0.5046,0.4964,0.4941,0.5232,UP,Low,0.0,79.38
MS,Morgan Stanley,2026-05-01,2026-05-02,1,0.5044,0.5296,0.4947,0.489,UP,Low,-0.0895,186.08
HPQ,HP Inc.,2026-05-01,2026-05-02,1,0.5041,0.5187,0.4946,0.499,UP,Low,-0.0237,20.14
ROST,Ross Stores Inc.,2026-05-01,2026-05-02,1,0.5036,0.5075,0.4763,0.5269,UP,Low,0.0,225.08
GD,General Dynamics,2026-05-01,2026-05-02,1,0.5036,0.4599,0.5173,0.5335,UP,Low,0.0,338.73
ORLY,O'Reilly Automotive Inc.,2026-05-01,2026-05-02,1,0.5035,0.5141,0.4546,0.5419,UP,Low,0.0,91.69
GS,Goldman Sachs Group,2026-05-01,2026-05-02,1,0.5033,0.5027,0.5387,0.4686,UP,Low,0.0,905.6
TPR,Tapestry Inc.,2026-05-01,2026-05-02,1,0.5031,0.4963,0.4705,0.5425,UP,Low,0.0288,141.6
CDW,CDW Corporation,2026-05-01,2026-05-02,1,0.5029,0.4941,0.503,0.5115,UP,Low,0.0,135.56
GLW,Corning Incorporated,2026-05-01,2026-05-02,1,0.5028,0.4614,0.5065,0.5404,UP,Low,-0.5637,151.9
F,Ford Motor Company,2026-05-01,2026-05-02,1,0.5026,0.5189,0.4887,0.5002,UP,Low,0.0,12.24
USB,U.S. Bancorp,2026-05-01,2026-05-02,1,0.5025,0.4949,0.5079,0.5046,UP,Low,0.0,56.17
BG,Bunge Global SA,2026-05-01,2026-05-02,1,0.5021,0.4903,0.4976,0.5185,UP,Low,0.0,126.31
TMUS,T-Mobile US Inc.,2026-05-01,2026-05-02,1,0.5018,0.5236,0.4591,0.5227,UP,Low,0.0188,198.17
MDLZ,Mondelez International,2026-05-01,2026-05-02,1,0.5015,0.4982,0.4356,0.5709,UP,Low,0.0045,61.04
AMP,Ameriprise Financial,2026-05-01,2026-05-02,1,0.5007,0.523,0.5124,0.4666,UP,Low,-0.0109,475.38
CI,The Cigna Group,2026-05-01,2026-05-02,1,0.5004,0.4828,0.4701,0.5482,UP,Low,0.0,292.32
SOLV,Solventum Corporation,2026-05-01,2026-05-02,0,0.4994,0.4913,0.5006,0.5063,DOWN,Low,0.0,66.49
SW,Smurfit WestRock plc,2026-05-01,2026-05-02,0,0.4991,0.5014,0.483,0.513,DOWN,Low,0.0,39.68
ON,ON Semiconductor Corporation,2026-05-01,2026-05-02,0,0.4991,0.5203,0.4907,0.4864,DOWN,Low,-0.2728,98.86
CDNS,Cadence Design Systems,2026-05-01,2026-05-02,0,0.499,0.5184,0.4723,0.5063,DOWN,Low,-0.0289,329.95
SLB,SLB (Schlumberger),2026-05-01,2026-05-02,0,0.4988,0.4974,0.5052,0.4938,DOWN,Low,0.0,55.7
SWKS,Skyworks Solutions Inc.,2026-05-01,2026-05-02,0,0.4985,0.5242,0.4373,0.5341,DOWN,Low,0.0286,62.66
MKC,McCormick & Company,2026-05-01,2026-05-02,0,0.4984,0.4843,0.5018,0.5092,DOWN,Low,0.0,50.54
ITW,Illinois Tool Works,2026-05-01,2026-05-02,0,0.4981,0.4847,0.4942,0.5154,DOWN,Low,0.0,265.67
LKQ,LKQ Corporation,2026-05-01,2026-05-02,0,0.4978,0.4942,0.4967,0.5025,DOWN,Low,0.0,30.66
HAL,Halliburton Company,2026-05-01,2026-05-02,0,0.4974,0.5032,0.4933,0.4957,DOWN,Low,-0.4273,41.81
FRT,Federal Realty Investment Trust,2026-05-01,2026-05-02,0,0.4974,0.4915,0.4976,0.5032,DOWN,Low,0.0,110.61
TJX,TJX Companies Inc.,2026-05-01,2026-05-02,0,0.4972,0.4752,0.5022,0.5142,DOWN,Low,0.0,156.07
MAA,Mid-America Apartment Communities,2026-05-01,2026-05-02,0,0.4967,0.4858,0.5118,0.4925,DOWN,Low,0.0,129.71
KEY,KeyCorp,2026-05-01,2026-05-02,0,0.4965,0.4665,0.5169,0.5061,DOWN,Low,0.0,21.67
COP,ConocoPhillips,2026-05-01,2026-05-02,0,0.4965,0.4832,0.5029,0.5034,DOWN,Low,0.0,128.25
APA,APA Corporation,2026-05-01,2026-05-02,0,0.4965,0.5077,0.4824,0.4995,DOWN,Low,-0.0028,40.32
MMM,3M Company,2026-05-01,2026-05-02,0,0.496,0.5196,0.4375,0.5309,DOWN,Low,0.7316,143.87
SMCI,Super Micro Computer Inc.,2026-05-01,2026-05-02,0,0.4957,0.4849,0.4856,0.5165,DOWN,Low,-0.3988,26.32
ICE,Intercontinental Exchange,2026-05-01,2026-05-02,0,0.4957,0.497,0.4862,0.5038,DOWN,Low,0.0,156.19
EG,Everest Group Ltd.,2026-05-01,2026-05-02,0,0.4951,0.4793,0.5186,0.4873,DOWN,Low,0.0,344.01
MPC,Marathon Petroleum Corporation,2026-05-01,2026-05-02,0,0.4943,0.503,0.4783,0.5018,DOWN,Low,0.2086,241.81
ADSK,Autodesk Inc.,2026-05-01,2026-05-02,0,0.4934,0.502,0.4903,0.4879,DOWN,Low,0.0,235.87
BX,Blackstone Inc.,2026-05-01,2026-05-02,0,0.4925,0.5178,0.4921,0.4677,DOWN,Low,0.4525,119.83
APD,Air Products and Chemicals,2026-05-01,2026-05-02,0,0.4908,0.4882,0.501,0.4832,DOWN,Low,0.0,302.5
VST,Vistra Corp.,2026-05-01,2026-05-02,0,0.4906,0.4705,0.4671,0.5344,DOWN,Low,0.0,153.79
FDS,FactSet Research Systems,2026-05-01,2026-05-02,0,0.4904,0.4763,0.4522,0.5425,DOWN,Low,-0.5085,232.32
A,Agilent Technologies,2026-05-01,2026-05-02,0,0.4903,0.5099,0.4105,0.5506,DOWN,Low,-0.1881,111.3
PANW,Palo Alto Networks Inc.,2026-05-01,2026-05-02,0,0.4897,0.5161,0.4632,0.4898,DOWN,Low,0.0282,181.54
PGR,Progressive Corporation,2026-05-01,2026-05-02,0,0.4891,0.5474,0.4589,0.4612,DOWN,Low,0.056,200.66
L,Loews Corporation,2026-05-01,2026-05-02,0,0.488,0.4965,0.4635,0.504,DOWN,Low,0.0,111.21
UHS,Universal Health Services,2026-05-01,2026-05-02,0,0.4875,0.4771,0.4646,0.5209,DOWN,Low,0.0353,167.97
PRU,Prudential Financial Inc.,2026-05-01,2026-05-02,0,0.4872,0.4805,0.4708,0.5103,DOWN,Low,0.0,96.42
NWSA,News Corp,2026-05-01,2026-05-02,0,0.4868,0.5048,0.4695,0.486,DOWN,Low,-0.0007,26.24
PAYC,Paycom Software Inc.,2026-05-01,2026-05-02,0,0.4861,0.4883,0.4824,0.4876,DOWN,Low,0.0,127.93
BF-B,Brown-Forman Corporation,2026-05-01,2026-05-02,0,0.4855,0.4911,0.4717,0.4936,DOWN,Low,-0.0012,24.87
OXY,Occidental Petroleum,2026-05-01,2026-05-02,0,0.4854,0.5007,0.4734,0.482,DOWN,Low,0.0805,60.76
VRSN,VeriSign Inc.,2026-05-01,2026-05-02,0,0.4853,0.5481,0.4634,0.4443,DOWN,Low,0.1217,272.6
TAP,Molson Coors Beverage Company,2026-05-01,2026-05-02,0,0.4849,0.4708,0.4924,0.4916,DOWN,Low,0.0,42.41
CEG,Constellation Energy,2026-05-01,2026-05-02,0,0.4845,0.475,0.4994,0.4792,DOWN,Low,0.0,297.0
MCD,McDonald's Corporation,2026-05-01,2026-05-02,0,0.4844,0.4996,0.4623,0.4912,DOWN,Low,-0.4199,290.08
HSIC,Henry Schein Inc.,2026-05-01,2026-05-02,0,0.4837,0.5244,0.4705,0.4561,DOWN,Low,0.8868,73.8
GDDY,GoDaddy Inc.,2026-05-01,2026-05-02,0,0.4836,0.4635,0.4542,0.5331,DOWN,Low,0.0,85.76
FITB,Fifth Third Bancorp,2026-05-01,2026-05-02,0,0.4824,0.4786,0.481,0.4875,DOWN,Low,0.0,49.79
QCOM,QUALCOMM Incorporated,2026-05-01,2026-05-02,0,0.4823,0.4675,0.4329,0.5466,DOWN,Low,0.0,156.0
EPAM,EPAM Systems Inc.,2026-05-01,2026-05-02,0,0.4821,0.472,0.5001,0.4741,DOWN,Low,0.0,112.91
CLX,Clorox Company,2026-05-01,2026-05-02,0,0.4816,0.4479,0.5148,0.4818,DOWN,Low,0.0,94.77
ACGL,Arch Capital Group,2026-05-01,2026-05-02,0,0.4809,0.4981,0.4885,0.4562,DOWN,Low,0.1114,92.72
MO,Altria Group Inc.,2026-05-01,2026-05-02,0,0.4803,0.4872,0.4415,0.5122,DOWN,Low,0.0,68.2
FTNT,Fortinet Inc.,2026-05-01,2026-05-02,0,0.4787,0.4998,0.4435,0.4929,DOWN,Low,0.0,86.11
AVB,AvalonBay Communities,2026-05-01,2026-05-02,0,0.4784,0.5133,0.4306,0.4913,DOWN,Low,-0.0626,184.37
ANET,Arista Networks Inc.,2026-05-01,2026-05-02,0,0.4779,0.5,0.4697,0.4641,DOWN,Low,-0.0085,168.68
CNC,Centene Corporation,2026-05-01,2026-05-02,0,0.4771,0.4686,0.443,0.5196,DOWN,Low,0.5556,53.98
INTU,Intuit Inc.,2026-05-01,2026-05-02,0,0.4765,0.4957,0.4801,0.4538,DOWN,Low,0.0,395.08
UAL,United Airlines Holdings,2026-05-01,2026-05-02,0,0.4762,0.4863,0.4295,0.513,DOWN,Low,0.1273,88.62
NFLX,Netflix Inc.,2026-05-01,2026-05-02,0,0.4754,0.4817,0.4771,0.4674,DOWN,Low,0.0,92.12
TYL,Tyler Technologies Inc.,2026-05-01,2026-05-02,0,0.4749,0.4447,0.5326,0.4473,DOWN,Low,0.0,356.01
ALK,Alaska Air Group,2026-05-01,2026-05-02,0,0.4739,0.463,0.4587,0.5001,DOWN,Low,-0.2343,38.31
PNR,Pentair plc,2026-05-01,2026-05-02,0,0.4738,0.4738,0.4258,0.522,DOWN,Low,0.7059,80.84
LEN,Lennar Corporation,2026-05-01,2026-05-02,0,0.4737,0.4792,0.4605,0.4813,DOWN,Low,0.0,88.71
SWK,Stanley Black & Decker,2026-05-01,2026-05-02,0,0.4732,0.4539,0.4663,0.4993,DOWN,Low,0.0,75.89
AAL,American Airlines Group,2026-05-01,2026-05-02,0,0.4721,0.4856,0.4718,0.4589,DOWN,Low,0.1623,11.31
UBER,Uber Technologies Inc.,2026-05-01,2026-05-02,0,0.472,0.4845,0.4941,0.4375,DOWN,Low,0.0,74.47
CTRA,Coterra Energy Inc.,2026-05-01,2026-05-02,0,0.4705,0.5164,0.5182,0.3768,DOWN,Low,0.4123,35.68
XYL,Xylem Inc.,2026-05-01,2026-05-02,0,0.4701,0.4615,0.4332,0.5155,DOWN,Low,0.0395,115.4
ALB,Albemarle Corporation,2026-05-01,2026-05-02,0,0.4701,0.4495,0.4599,0.501,DOWN,Low,-0.0834,190.88
IBM,International Business Machines,2026-05-01,2026-05-02,0,0.469,0.4705,0.4627,0.4736,DOWN,Low,-0.591,227.1
BAX,Baxter International,2026-05-01,2026-05-02,0,0.4686,0.4459,0.4872,0.4728,DOWN,Low,0.0,16.9
DVN,Devon Energy Corporation,2026-05-01,2026-05-02,0,0.4679,0.4595,0.4555,0.4886,DOWN,Low,0.0,51.08
RCL,Royal Caribbean Cruises,2026-05-01,2026-05-02,0,0.4675,0.4231,0.4352,0.5441,DOWN,Low,0.0,254.01
MA,Mastercard Incorporated,2026-05-01,2026-05-02,0,0.4655,0.4632,0.4528,0.4804,DOWN,Low,0.0,525.23
UNH,UnitedHealth Group,2026-05-01,2026-05-02,0,0.4652,0.5156,0.5122,0.3677,DOWN,Low,-0.0319,370.74
PKG,Packaging Corporation of America,2026-05-01,2026-05-02,0,0.4642,0.4607,0.5202,0.4117,DOWN,Low,0.0,216.05
CZR,Caesars Entertainment,2026-05-01,2026-05-02,0,0.4625,0.5135,0.4782,0.3958,DOWN,Low,0.3228,27.38
FCX,Freeport-McMoRan Inc.,2026-05-01,2026-05-02,0,0.4605,0.4828,0.477,0.4216,DOWN,Low,-0.2397,56.93
AXON,Axon Enterprise Inc.,2026-05-01,2026-05-02,0,0.459,0.4529,0.4953,0.4289,DOWN,Low,0.0,400.54
KDP,Keurig Dr Pepper Inc.,2026-05-01,2026-05-02,0,0.4586,0.4639,0.4056,0.5064,DOWN,Low,0.4708,28.93
ELV,Elevance Health Inc.,2026-05-01,2026-05-02,0,0.4581,0.4692,0.4752,0.4298,DOWN,Low,0.4977,376.63
ALL,Allstate Corporation,2026-05-01,2026-05-02,0,0.4573,0.4631,0.4316,0.4772,DOWN,Low,0.0,212.33
KMI,Kinder Morgan Inc.,2026-05-01,2026-05-02,0,0.4572,0.5145,0.478,0.3793,DOWN,Low,0.0404,31.84
AMAT,Applied Materials Inc.,2026-05-01,2026-05-02,0,0.4552,0.4448,0.4079,0.513,DOWN,Low,-0.4109,382.59
IEX,IDEX Corporation,2026-05-01,2026-05-02,0,0.4544,0.4728,0.481,0.4094,DOWN,Low,0.0,217.34
GNRC,Generac Holdings Inc.,2026-05-01,2026-05-02,0,0.4488,0.4691,0.4211,0.4564,DOWN,Low,0.0,252.92
PFE,Pfizer Inc.,2026-05-01,2026-05-02,0,0.4484,0.4759,0.4131,0.4563,DOWN,Low,-0.1377,26.26
ILMN,Illumina Inc.,2026-05-01,2026-05-02,0,0.4463,0.4574,0.4312,0.4504,DOWN,Low,0.0,120.37
CVS,CVS Health Corporation,2026-05-01,2026-05-02,0,0.4455,0.4674,0.4318,0.4374,DOWN,Low,-0.2433,83.9
ALLE,Allegion plc,2026-05-01,2026-05-02,0,0.4446,0.4611,0.447,0.4257,DOWN,Low,-0.4732,137.37
NEM,Newmont Corporation,2026-05-01,2026-05-02,0,0.4436,0.4156,0.4421,0.4731,DOWN,Low,0.0,107.61
FSLR,First Solar Inc.,2026-05-01,2026-05-02,0,0.4427,0.4619,0.4324,0.4337,DOWN,Low,0.0,190.61
CMG,Chipotle Mexican Grill,2026-05-01,2026-05-02,0,0.4417,0.4486,0.4224,0.4542,DOWN,Low,0.0,32.99
URI,United Rentals Inc.,2026-05-01,2026-05-02,0,0.4409,0.473,0.44,0.4098,DOWN,Low,0.2406,952.13
AMD,Advanced Micro Devices,2026-05-01,2026-05-02,0,0.4385,0.4452,0.4351,0.4352,DOWN,Low,0.0,337.11
MPWR,Monolithic Power Systems,2026-05-01,2026-05-02,0,0.437,0.4625,0.4171,0.4315,DOWN,Low,0.0,1526.84
VRSK,Verisk Analytics Inc.,2026-05-01,2026-05-02,0,0.4359,0.4185,0.4428,0.4463,DOWN,Low,0.0,188.19
NOW,ServiceNow Inc.,2026-05-01,2026-05-02,0,0.4358,0.487,0.4491,0.3712,DOWN,Low,-0.2551,88.89
MOH,Molina Healthcare Inc.,2026-05-01,2026-05-02,0,0.4357,0.4711,0.4649,0.3712,DOWN,Low,-0.5596,196.49
CCL,Carnival Corporation,2026-05-01,2026-05-02,0,0.432,0.395,0.4844,0.4167,DOWN,Low,0.0,25.58
BEN,Franklin Resources Inc.,2026-05-01,2026-05-02,0,0.4244,0.4865,0.4443,0.3424,DOWN,Low,-0.0966,29.45
REGN,Regeneron Pharmaceuticals,2026-05-01,2026-05-02,0,0.4152,0.4473,0.4713,0.3269,DOWN,Medium,0.0,686.36
ABBV,AbbVie Inc.,2026-05-01,2026-05-02,0,0.413,0.4201,0.3712,0.4479,DOWN,Medium,0.0,203.89
ADM,Archer-Daniels-Midland,2026-05-01,2026-05-02,0,0.4035,0.4628,0.404,0.3437,DOWN,Medium,0.5199,74.27
KLAC,KLA Corporation,2026-05-01,2026-05-02,0,0.3735,0.4186,0.4256,0.2763,DOWN,Medium,0.0,1816.21
HOLX,Hologic Inc.,2026-05-01,2026-05-02,0,0.3686,0.463,0.4625,0.1804,DOWN,Medium,0.0,76.01
USDP,USD Partners LP,2026-05-01,2026-05-02,0,0.3491,0.4117,0.3702,0.2655,DOWN,High,0.0,0.0
